"","sample_id","sample","sex","temp_f2","temp_f1","temp_f0","treatment","weight_g","length_standard_mm","slice","aund","adiff","b","spc","spt"
"1","M1G1HISTO","M1","M","C","C","C","CCC",85.5,169.4,"Campo 1",18,2,0,0,0
"2","M1G1HISTO","M1","M","C","C","C","CCC",85.5,169.4,"Campo 2",20,2,0,0,0
"3","M1G1HISTO","M1","M","C","C","C","CCC",85.5,169.4,"Campo 3",15,0,0,0,0
"4","M1G1HISTO","M1","M","C","C","C","CCC",85.5,169.4,"Campo 4",12,0,0,0,0
"5","M1G1HISTO","M1","M","C","C","C","CCC",85.5,169.4,"Campo 5",14,0,0,0,0
"6","M1G1HISTO","M1","M","C","C","C","CCC",85.5,169.4,"Campo 6",30,0,0,0,0
"7","M1G1HISTO","M1","M","C","C","C","CCC",85.5,169.4,"Campo 7",21,0,0,0,0
"8","M1G1HISTO","M1","M","C","C","C","CCC",85.5,169.4,"Campo 8",19,0,0,0,0
"9","M1G1HISTO","M1","M","C","C","C","CCC",85.5,169.4,"Campo 9",16,0,0,0,0
"10","M1G1HISTO","M1","M","C","C","C","CCC",85.5,169.4,"Campo 10",14,0,0,0,0
"11","M2G1HISTO","M2","M","C","C","C","CCC",70.6,150.6,"Campo 1",16,0,4,0,0
"12","M2G1HISTO","M2","M","C","C","C","CCC",70.6,150.6,"Campo 2",30,3,3,0,2
"13","M2G1HISTO","M2","M","C","C","C","CCC",70.6,150.6,"Campo 3",31,0,2,0,0
"14","M2G1HISTO","M2","M","C","C","C","CCC",70.6,150.6,"Campo 4",18,6,0,0,0
"15","M2G1HISTO","M2","M","C","C","C","CCC",70.6,150.6,"Campo 5",21,2,0,0,0
"16","M2G1HISTO","M2","M","C","C","C","CCC",70.6,150.6,"Campo 6",5,5,0,0,0
"17","M2G1HISTO","M2","M","C","C","C","CCC",70.6,150.6,"Campo 7",9,3,2,0,0
"18","M2G1HISTO","M2","M","C","C","C","CCC",70.6,150.6,"Campo 8",5,4,0,4,0
"19","M2G1HISTO","M2","M","C","C","C","CCC",70.6,150.6,"Campo 9",8,3,6,25,4
"20","M2G1HISTO","M2","M","C","C","C","CCC",70.6,150.6,"Campo 10",2,2,4,4,2
"21","M1G2HISTO","M4","M","T","C","C","CCT",41.4,133.6,"Campo 1",4,6,1,0,0
"22","M1G2HISTO","M4","M","T","C","C","CCT",41.4,133.6,"Campo 2",4,4,4,0,0
"23","M1G2HISTO","M4","M","T","C","C","CCT",41.4,133.6,"Campo 3",4,1,0,0,0
"24","M1G2HISTO","M4","M","T","C","C","CCT",41.4,133.6,"Campo 4",0,0,2,0,0
"25","M1G2HISTO","M4","M","T","C","C","CCT",41.4,133.6,"Campo 5",9,4,0,0,0
"26","M1G2HISTO","M4","M","T","C","C","CCT",41.4,133.6,"Campo 6",4,6,0,0,0
"27","M1G2HISTO","M4","M","T","C","C","CCT",41.4,133.6,"Campo 7",4,5,2,0,0
"28","M1G2HISTO","M4","M","T","C","C","CCT",41.4,133.6,"Campo 8",24,2,0,0,0
"29","M1G2HISTO","M4","M","T","C","C","CCT",41.4,133.6,"Campo 9",20,4,0,0,0
"30","M1G2HISTO","M4","M","T","C","C","CCT",41.4,133.6,"Campo 10",21,4,0,0,0
"31","M2G2HISTO","M5","M","T","C","C","CCT",79.6,166.8,"Campo 1",0,0,0,0,0
"32","M2G2HISTO","M5","M","T","C","C","CCT",79.6,166.8,"Campo 2",10,4,0,3,0
"33","M2G2HISTO","M5","M","T","C","C","CCT",79.6,166.8,"Campo 3",7,5,0,4,0
"34","M2G2HISTO","M5","M","T","C","C","CCT",79.6,166.8,"Campo 4",14,3,0,2,0
"35","M2G2HISTO","M5","M","T","C","C","CCT",79.6,166.8,"Campo 5",13,3,0,0,0
"36","M2G2HISTO","M5","M","T","C","C","CCT",79.6,166.8,"Campo 6",14,4,10,0,0
"37","M2G2HISTO","M5","M","T","C","C","CCT",79.6,166.8,"Campo 7",24,14,0,0,0
"38","M2G2HISTO","M5","M","T","C","C","CCT",79.6,166.8,"Campo 8",30,9,0,0,0
"39","M2G2HISTO","M5","M","T","C","C","CCT",79.6,166.8,"Campo 9",22,7,0,0,0
"40","M2G2HISTO","M5","M","T","C","C","CCT",79.6,166.8,"Campo 10",19,4,6,0,0
"41","M3G2HISTO","M6","M","T","C","C","CCT",51.5,142.2,"Campo 1",21,3,0,0,0
"42","M3G2HISTO","M6","M","T","C","C","CCT",51.5,142.2,"Campo 2",16,7,0,0,0
"43","M3G2HISTO","M6","M","T","C","C","CCT",51.5,142.2,"Campo 3",19,0,3,0,0
"44","M3G2HISTO","M6","M","T","C","C","CCT",51.5,142.2,"Campo 4",8,0,0,0,0
"45","M3G2HISTO","M6","M","T","C","C","CCT",51.5,142.2,"Campo 5",25,0,0,0,0
"46","M3G2HISTO","M6","M","T","C","C","CCT",51.5,142.2,"Campo 6",24,5,0,0,0
"47","M3G2HISTO","M6","M","T","C","C","CCT",51.5,142.2,"Campo 7",25,5,0,0,0
"48","M3G2HISTO","M6","M","T","C","C","CCT",51.5,142.2,"Campo 8",21,2,2,0,0
"49","M3G2HISTO","M6","M","T","C","C","CCT",51.5,142.2,"Campo 9",16,4,0,0,0
"50","M3G2HISTO","M6","M","T","C","C","CCT",51.5,142.2,"Campo 10",1,4,0,0,0
"51","M4G2HISTO","M7","M","T","C","C","CCT",78.7,167.8,"Campo 1",19,6,0,0,0
"52","M4G2HISTO","M7","M","T","C","C","CCT",78.7,167.8,"Campo 2",16,8,0,0,0
"53","M4G2HISTO","M7","M","T","C","C","CCT",78.7,167.8,"Campo 3",13,5,2,0,0
"54","M4G2HISTO","M7","M","T","C","C","CCT",78.7,167.8,"Campo 4",2,0,0,0,0
"55","M4G2HISTO","M7","M","T","C","C","CCT",78.7,167.8,"Campo 5",10,3,0,0,0
"56","M4G2HISTO","M7","M","T","C","C","CCT",78.7,167.8,"Campo 6",29,4,0,0,0
"57","M4G2HISTO","M7","M","T","C","C","CCT",78.7,167.8,"Campo 7",25,13,0,0,0
"58","M4G2HISTO","M7","M","T","C","C","CCT",78.7,167.8,"Campo 8",16,16,0,0,0
"59","M4G2HISTO","M7","M","T","C","C","CCT",78.7,167.8,"Campo 9",24,9,0,0,0
"60","M4G2HISTO","M7","M","T","C","C","CCT",78.7,167.8,"Campo 10",16,7,0,0,0
"61","M1G3HISTO","M8","M","C","T","C","CTC",64.6,153.4,"Campo 1",12,14,9,0,0
"62","M1G3HISTO","M8","M","C","T","C","CTC",64.6,153.4,"Campo 2",25,10,20,0,0
"63","M1G3HISTO","M8","M","C","T","C","CTC",64.6,153.4,"Campo 3",24,7,38,0,0
"64","M1G3HISTO","M8","M","C","T","C","CTC",64.6,153.4,"Campo 4",12,7,50,14,0
"65","M1G3HISTO","M8","M","C","T","C","CTC",64.6,153.4,"Campo 5",30,5,16,0,0
"66","M1G3HISTO","M8","M","C","T","C","CTC",64.6,153.4,"Campo 6",22,1,21,0,0
"67","M1G3HISTO","M8","M","C","T","C","CTC",64.6,153.4,"Campo 7",19,11,42,0,0
"68","M1G3HISTO","M8","M","C","T","C","CTC",64.6,153.4,"Campo 8",14,6,50,2,0
"69","M1G3HISTO","M8","M","C","T","C","CTC",64.6,153.4,"Campo 9",7,2,62,0,0
"70","M1G3HISTO","M8","M","C","T","C","CTC",64.6,153.4,"Campo 10",30,4,4,0,0
"71","M2G3HISTO","M9","M","C","T","C","CTC",82.4,168.4,"Campo 1",40,0,0,0,0
"72","M2G3HISTO","M9","M","C","T","C","CTC",82.4,168.4,"Campo 2",40,0,0,0,0
"73","M2G3HISTO","M9","M","C","T","C","CTC",82.4,168.4,"Campo 3",33,6,0,0,0
"74","M2G3HISTO","M9","M","C","T","C","CTC",82.4,168.4,"Campo 4",28,6,0,0,0
"75","M2G3HISTO","M9","M","C","T","C","CTC",82.4,168.4,"Campo 5",22,8,0,0,0
"76","M2G3HISTO","M9","M","C","T","C","CTC",82.4,168.4,"Campo 6",26,0,0,0,0
"77","M2G3HISTO","M9","M","C","T","C","CTC",82.4,168.4,"Campo 7",25,0,0,0,0
"78","M2G3HISTO","M9","M","C","T","C","CTC",82.4,168.4,"Campo 8",29,0,0,0,0
"79","M2G3HISTO","M9","M","C","T","C","CTC",82.4,168.4,"Campo 9",17,0,0,0,0
"80","M2G3HISTO","M9","M","C","T","C","CTC",82.4,168.4,"Campo 10",34,0,0,0,0
"81","M1G4HISTO","M10","M","T","T","C","CTT",61.8,151.7,"Campo 1",26,0,0,0,0
"82","M1G4HISTO","M10","M","T","T","C","CTT",61.8,151.7,"Campo 2",17,0,0,0,0
"83","M1G4HISTO","M10","M","T","T","C","CTT",61.8,151.7,"Campo 3",20,0,0,0,0
"84","M1G4HISTO","M10","M","T","T","C","CTT",61.8,151.7,"Campo 4",31,0,0,0,0
"85","M1G4HISTO","M10","M","T","T","C","CTT",61.8,151.7,"Campo 5",19,0,0,0,0
"86","M1G4HISTO","M10","M","T","T","C","CTT",61.8,151.7,"Campo 6",23,0,0,0,0
"87","M1G4HISTO","M10","M","T","T","C","CTT",61.8,151.7,"Campo 7",18,0,0,0,0
"88","M1G4HISTO","M10","M","T","T","C","CTT",61.8,151.7,"Campo 8",7,4,0,0,0
"89","M1G4HISTO","M10","M","T","T","C","CTT",61.8,151.7,"Campo 9",4,4,0,0,0
"90","M1G4HISTO","M10","M","T","T","C","CTT",61.8,151.7,"Campo 10",9,6,0,0,0
"91","M3G4HISTO","M12","M","T","T","C","CTT",65.2,156.4,"Campo 1",36,0,0,0,0
"92","M3G4HISTO","M12","M","T","T","C","CTT",65.2,156.4,"Campo 2",34,0,0,0,0
"93","M3G4HISTO","M12","M","T","T","C","CTT",65.2,156.4,"Campo 3",38,0,0,0,0
"94","M3G4HISTO","M12","M","T","T","C","CTT",65.2,156.4,"Campo 4",24,0,0,0,0
"95","M3G4HISTO","M12","M","T","T","C","CTT",65.2,156.4,"Campo 5",18,0,0,0,0
"96","M3G4HISTO","M12","M","T","T","C","CTT",65.2,156.4,"Campo 6",27,6,0,0,0
"97","M3G4HISTO","M12","M","T","T","C","CTT",65.2,156.4,"Campo 7",28,4,0,0,0
"98","M3G4HISTO","M12","M","T","T","C","CTT",65.2,156.4,"Campo 8",30,6,0,0,0
"99","M3G4HISTO","M12","M","T","T","C","CTT",65.2,156.4,"Campo 9",32,0,0,0,0
"100","M3G4HISTO","M12","M","T","T","C","CTT",65.2,156.4,"Campo 10",24,0,0,0,0
"101","M4G4HISTO","M13","M","T","T","C","CTT",62.4,155.8,"Campo 1",0,0,0,0,0
"102","M4G4HISTO","M13","M","T","T","C","CTT",62.4,155.8,"Campo 2",0,0,0,0,0
"103","M4G4HISTO","M13","M","T","T","C","CTT",62.4,155.8,"Campo 3",4,0,0,0,0
"104","M4G4HISTO","M13","M","T","T","C","CTT",62.4,155.8,"Campo 4",0,0,0,0,0
"105","M4G4HISTO","M13","M","T","T","C","CTT",62.4,155.8,"Campo 5",0,0,0,0,0
"106","M4G4HISTO","M13","M","T","T","C","CTT",62.4,155.8,"Campo 6",19,0,0,0,0
"107","M4G4HISTO","M13","M","T","T","C","CTT",62.4,155.8,"Campo 7",23,2,0,0,0
"108","M4G4HISTO","M13","M","T","T","C","CTT",62.4,155.8,"Campo 8",37,0,0,0,0
"109","M4G4HISTO","M13","M","T","T","C","CTT",62.4,155.8,"Campo 9",35,0,0,0,0
"110","M4G4HISTO","M13","M","T","T","C","CTT",62.4,155.8,"Campo 10",28,6,0,0,0
"111","M1G5HISTO","M14","M","C","C","T","TCC",41,134.3,"Campo 1",14,1,43,42,0
"112","M1G5HISTO","M14","M","C","C","T","TCC",41,134.3,"Campo 2",11,4,56,17,0
"113","M1G5HISTO","M14","M","C","C","T","TCC",41,134.3,"Campo 3",7,5,51,20,0
"114","M1G5HISTO","M14","M","C","C","T","TCC",41,134.3,"Campo 4",9,6,12,42,12
"115","M1G5HISTO","M14","M","C","C","T","TCC",41,134.3,"Campo 5",8,0,15,43,0
"116","M1G5HISTO","M14","M","C","C","T","TCC",41,134.3,"Campo 6",17,12,18,24,0
"117","M1G5HISTO","M14","M","C","C","T","TCC",41,134.3,"Campo 7",10,4,22,14,8
"118","M1G5HISTO","M14","M","C","C","T","TCC",41,134.3,"Campo 8",7,6,14,43,6
"119","M1G5HISTO","M14","M","C","C","T","TCC",41,134.3,"Campo 9",6,2,25,67,6
"120","M1G5HISTO","M14","M","C","C","T","TCC",41,134.3,"Campo 10",3,2,24,65,0
"121","M2G5HISTO","M15","M","C","C","T","TCC",59.3,153.6,"Campo 1",17,0,0,0,0
"122","M2G5HISTO","M15","M","C","C","T","TCC",59.3,153.6,"Campo 2",23,4,0,0,0
"123","M2G5HISTO","M15","M","C","C","T","TCC",59.3,153.6,"Campo 3",24,4,0,0,0
"124","M2G5HISTO","M15","M","C","C","T","TCC",59.3,153.6,"Campo 4",33,2,0,0,0
"125","M2G5HISTO","M15","M","C","C","T","TCC",59.3,153.6,"Campo 5",28,4,0,0,0
"126","M2G5HISTO","M15","M","C","C","T","TCC",59.3,153.6,"Campo 6",26,0,0,0,0
"127","M2G5HISTO","M15","M","C","C","T","TCC",59.3,153.6,"Campo 7",22,4,0,0,0
"128","M2G5HISTO","M15","M","C","C","T","TCC",59.3,153.6,"Campo 8",18,0,0,0,0
"129","M2G5HISTO","M15","M","C","C","T","TCC",59.3,153.6,"Campo 9",6,0,0,0,0
"130","M2G5HISTO","M15","M","C","C","T","TCC",59.3,153.6,"Campo 10",2,2,0,0,0
"131","M3G5HISTO","M16","M","C","C","T","TCC",48.4,140.3,"Campo 1",21,6,0,0,0
"132","M3G5HISTO","M16","M","C","C","T","TCC",48.4,140.3,"Campo 2",31,4,0,0,0
"133","M3G5HISTO","M16","M","C","C","T","TCC",48.4,140.3,"Campo 3",26,2,0,0,0
"134","M3G5HISTO","M16","M","C","C","T","TCC",48.4,140.3,"Campo 4",20,8,0,0,0
"135","M3G5HISTO","M16","M","C","C","T","TCC",48.4,140.3,"Campo 5",26,6,0,0,0
"136","M3G5HISTO","M16","M","C","C","T","TCC",48.4,140.3,"Campo 6",29,5,0,0,0
"137","M3G5HISTO","M16","M","C","C","T","TCC",48.4,140.3,"Campo 7",6,6,0,0,0
"138","M3G5HISTO","M16","M","C","C","T","TCC",48.4,140.3,"Campo 8",9,0,0,0,0
"139","M3G5HISTO","M16","M","C","C","T","TCC",48.4,140.3,"Campo 9",17,5,0,0,0
"140","M3G5HISTO","M16","M","C","C","T","TCC",48.4,140.3,"Campo 10",27,4,0,0,0
"141","M1G6HISTO","M17","M","T","C","T","TCT",51.8,143.1,"Campo 1",23,6,0,0,0
"142","M1G6HISTO","M17","M","T","C","T","TCT",51.8,143.1,"Campo 2",21,2,0,0,0
"143","M1G6HISTO","M17","M","T","C","T","TCT",51.8,143.1,"Campo 3",10,0,0,0,0
"144","M1G6HISTO","M17","M","T","C","T","TCT",51.8,143.1,"Campo 4",0,0,0,0,0
"145","M1G6HISTO","M17","M","T","C","T","TCT",51.8,143.1,"Campo 5",14,6,0,0,0
"146","M1G6HISTO","M17","M","T","C","T","TCT",51.8,143.1,"Campo 6",26,10,0,0,0
"147","M1G6HISTO","M17","M","T","C","T","TCT",51.8,143.1,"Campo 7",16,0,0,0,0
"148","M1G6HISTO","M17","M","T","C","T","TCT",51.8,143.1,"Campo 8",10,3,0,0,0
"149","M1G6HISTO","M17","M","T","C","T","TCT",51.8,143.1,"Campo 9",25,2,0,0,0
"150","M1G6HISTO","M17","M","T","C","T","TCT",51.8,143.1,"Campo 10",25,8,0,0,0
"151","M2G6HISTO","M18","M","T","C","T","TCT",49.9,140,"Campo 1",16,2,0,0,0
"152","M2G6HISTO","M18","M","T","C","T","TCT",49.9,140,"Campo 2",27,2,0,0,0
"153","M2G6HISTO","M18","M","T","C","T","TCT",49.9,140,"Campo 3",14,0,0,0,0
"154","M2G6HISTO","M18","M","T","C","T","TCT",49.9,140,"Campo 4",14,2,0,0,0
"155","M2G6HISTO","M18","M","T","C","T","TCT",49.9,140,"Campo 5",24,0,0,0,0
"156","M2G6HISTO","M18","M","T","C","T","TCT",49.9,140,"Campo 6",12,0,0,0,0
"157","M2G6HISTO","M18","M","T","C","T","TCT",49.9,140,"Campo 7",20,0,0,0,0
"158","M2G6HISTO","M18","M","T","C","T","TCT",49.9,140,"Campo 8",17,0,0,0,0
"159","M2G6HISTO","M18","M","T","C","T","TCT",49.9,140,"Campo 9",17,0,0,0,0
"160","M2G6HISTO","M18","M","T","C","T","TCT",49.9,140,"Campo 10",19,0,0,0,0
"161","M3G6HISTO","M19","M","T","C","T","TCT",52.8,145,"Campo 1",21,0,0,0,0
"162","M3G6HISTO","M19","M","T","C","T","TCT",52.8,145,"Campo 2",15,4,0,0,0
"163","M3G6HISTO","M19","M","T","C","T","TCT",52.8,145,"Campo 3",6,0,0,0,0
"164","M3G6HISTO","M19","M","T","C","T","TCT",52.8,145,"Campo 4",21,0,0,0,0
"165","M3G6HISTO","M19","M","T","C","T","TCT",52.8,145,"Campo 5",24,4,0,0,0
"166","M3G6HISTO","M19","M","T","C","T","TCT",52.8,145,"Campo 6",20,0,0,0,0
"167","M3G6HISTO","M19","M","T","C","T","TCT",52.8,145,"Campo 7",22,0,0,0,0
"168","M3G6HISTO","M19","M","T","C","T","TCT",52.8,145,"Campo 8",15,0,0,0,0
"169","M3G6HISTO","M19","M","T","C","T","TCT",52.8,145,"Campo 9",24,0,0,0,0
"170","M3G6HISTO","M19","M","T","C","T","TCT",52.8,145,"Campo 10",25,0,0,0,0
"171","M4G6HISTO","M20","M","T","C","T","TCT",50.2,142.7,"Campo 1",20,0,0,0,0
"172","M4G6HISTO","M20","M","T","C","T","TCT",50.2,142.7,"Campo 2",25,0,0,0,0
"173","M4G6HISTO","M20","M","T","C","T","TCT",50.2,142.7,"Campo 3",21,4,0,0,0
"174","M4G6HISTO","M20","M","T","C","T","TCT",50.2,142.7,"Campo 4",31,0,0,0,0
"175","M4G6HISTO","M20","M","T","C","T","TCT",50.2,142.7,"Campo 5",20,4,0,0,0
"176","M4G6HISTO","M20","M","T","C","T","TCT",50.2,142.7,"Campo 6",12,2,0,0,0
"177","M4G6HISTO","M20","M","T","C","T","TCT",50.2,142.7,"Campo 7",19,0,0,0,0
"178","M4G6HISTO","M20","M","T","C","T","TCT",50.2,142.7,"Campo 8",20,2,0,0,0
"179","M4G6HISTO","M20","M","T","C","T","TCT",50.2,142.7,"Campo 9",12,4,0,0,0
"180","M4G6HISTO","M20","M","T","C","T","TCT",50.2,142.7,"Campo 10",22,2,0,0,0
"181","M1G7HISTO","M21","M","C","T","T","TTC",71.3,148.3,"Campo 1",20,3,17,0,0
"182","M1G7HISTO","M21","M","C","T","T","TTC",71.3,148.3,"Campo 2",17,2,8,0,0
"183","M1G7HISTO","M21","M","C","T","T","TTC",71.3,148.3,"Campo 3",20,6,8,0,0
"184","M1G7HISTO","M21","M","C","T","T","TTC",71.3,148.3,"Campo 4",17,6,8,0,0
"185","M1G7HISTO","M21","M","C","T","T","TTC",71.3,148.3,"Campo 5",19,4,10,3,0
"186","M1G7HISTO","M21","M","C","T","T","TTC",71.3,148.3,"Campo 6",10,8,9,0,0
"187","M1G7HISTO","M21","M","C","T","T","TTC",71.3,148.3,"Campo 7",15,4,14,0,0
"188","M1G7HISTO","M21","M","C","T","T","TTC",71.3,148.3,"Campo 8",25,6,5,0,0
"189","M1G7HISTO","M21","M","C","T","T","TTC",71.3,148.3,"Campo 9",15,8,8,0,0
"190","M1G7HISTO","M21","M","C","T","T","TTC",71.3,148.3,"Campo 10",24,6,12,0,0
"191","M2G7HISTO","M22","M","C","T","T","TTC",69.6,155.1,"Campo 1",18,0,0,0,0
"192","M2G7HISTO","M22","M","C","T","T","TTC",69.6,155.1,"Campo 2",20,4,0,0,0
"193","M2G7HISTO","M22","M","C","T","T","TTC",69.6,155.1,"Campo 3",15,6,0,0,0
"194","M2G7HISTO","M22","M","C","T","T","TTC",69.6,155.1,"Campo 4",16,0,0,0,0
"195","M2G7HISTO","M22","M","C","T","T","TTC",69.6,155.1,"Campo 5",19,4,0,0,0
"196","M2G7HISTO","M22","M","C","T","T","TTC",69.6,155.1,"Campo 6",26,2,0,0,0
"197","M2G7HISTO","M22","M","C","T","T","TTC",69.6,155.1,"Campo 7",23,2,0,0,0
"198","M2G7HISTO","M22","M","C","T","T","TTC",69.6,155.1,"Campo 8",17,0,0,0,0
"199","M2G7HISTO","M22","M","C","T","T","TTC",69.6,155.1,"Campo 9",15,4,0,0,0
"200","M2G7HISTO","M22","M","C","T","T","TTC",69.6,155.1,"Campo 10",6,4,0,0,0
"201","M4G7HISTO","M24","M","C","T","T","TTC",93,174.6,"Campo 1",16,8,38,11,0
"202","M4G7HISTO","M24","M","C","T","T","TTC",93,174.6,"Campo 2",15,11,63,0,0
"203","M4G7HISTO","M24","M","C","T","T","TTC",93,174.6,"Campo 3",17,7,68,0,0
"204","M4G7HISTO","M24","M","C","T","T","TTC",93,174.6,"Campo 4",16,7,42,0,0
"205","M4G7HISTO","M24","M","C","T","T","TTC",93,174.6,"Campo 5",12,6,50,0,0
"206","M4G7HISTO","M24","M","C","T","T","TTC",93,174.6,"Campo 6",12,14,22,0,0
"207","M4G7HISTO","M24","M","C","T","T","TTC",93,174.6,"Campo 7",14,14,24,12,0
"208","M4G7HISTO","M24","M","C","T","T","TTC",93,174.6,"Campo 8",18,4,28,0,0
"209","M4G7HISTO","M24","M","C","T","T","TTC",93,174.6,"Campo 9",14,16,44,0,0
"210","M4G7HISTO","M24","M","C","T","T","TTC",93,174.6,"Campo 10",21,8,14,0,0
"211","M1G8HISTO","M25","M","T","T","T","TTT",98.5,169.1,"Campo 1",14,0,0,0,0
"212","M1G8HISTO","M25","M","T","T","T","TTT",98.5,169.1,"Campo 2",15,0,0,0,0
"213","M1G8HISTO","M25","M","T","T","T","TTT",98.5,169.1,"Campo 3",16,0,0,0,0
"214","M1G8HISTO","M25","M","T","T","T","TTT",98.5,169.1,"Campo 4",14,0,0,0,0
"215","M1G8HISTO","M25","M","T","T","T","TTT",98.5,169.1,"Campo 5",14,4,0,0,0
"216","M1G8HISTO","M25","M","T","T","T","TTT",98.5,169.1,"Campo 6",6,0,0,0,0
"217","M1G8HISTO","M25","M","T","T","T","TTT",98.5,169.1,"Campo 7",20,0,0,0,0
"218","M1G8HISTO","M25","M","T","T","T","TTT",98.5,169.1,"Campo 8",19,4,0,0,0
"219","M1G8HISTO","M25","M","T","T","T","TTT",98.5,169.1,"Campo 9",17,8,0,0,0
"220","M1G8HISTO","M25","M","T","T","T","TTT",98.5,169.1,"Campo 10",13,4,0,0,0
"221","M2G8HISTO","M26","M","T","T","T","TTT",93,166.8,"Campo 1",2,0,0,0,0
"222","M2G8HISTO","M26","M","T","T","T","TTT",93,166.8,"Campo 2",2,0,0,0,0
"223","M2G8HISTO","M26","M","T","T","T","TTT",93,166.8,"Campo 3",10,0,0,0,0
"224","M2G8HISTO","M26","M","T","T","T","TTT",93,166.8,"Campo 4",7,2,0,0,0
"225","M2G8HISTO","M26","M","T","T","T","TTT",93,166.8,"Campo 5",0,0,0,0,0
"226","M2G8HISTO","M26","M","T","T","T","TTT",93,166.8,"Campo 6",13,0,0,0,0
"227","M2G8HISTO","M26","M","T","T","T","TTT",93,166.8,"Campo 7",12,10,0,0,0
"228","M2G8HISTO","M26","M","T","T","T","TTT",93,166.8,"Campo 8",18,6,0,0,0
"229","M2G8HISTO","M26","M","T","T","T","TTT",93,166.8,"Campo 9",16,4,0,0,0
"230","M2G8HISTO","M26","M","T","T","T","TTT",93,166.8,"Campo 10",4,2,0,0,0
"231","M3G8HISTO","M27","M","T","T","T","TTT",47.4,138.3,"Campo 1",16,2,0,0,0
"232","M3G8HISTO","M27","M","T","T","T","TTT",47.4,138.3,"Campo 2",8,0,0,0,0
"233","M3G8HISTO","M27","M","T","T","T","TTT",47.4,138.3,"Campo 3",10,4,0,0,0
"234","M3G8HISTO","M27","M","T","T","T","TTT",47.4,138.3,"Campo 4",17,8,0,0,0
"235","M3G8HISTO","M27","M","T","T","T","TTT",47.4,138.3,"Campo 5",19,5,0,0,0
"236","M3G8HISTO","M27","M","T","T","T","TTT",47.4,138.3,"Campo 6",21,0,0,0,0
"237","M3G8HISTO","M27","M","T","T","T","TTT",47.4,138.3,"Campo 7",14,4,0,0,0
"238","M3G8HISTO","M27","M","T","T","T","TTT",47.4,138.3,"Campo 8",12,6,0,0,0
"239","M3G8HISTO","M27","M","T","T","T","TTT",47.4,138.3,"Campo 9",13,8,0,0,0
"240","M3G8HISTO","M27","M","T","T","T","TTT",47.4,138.3,"Campo 10",19,8,0,0,0
"241","M4G8HISTO","M28","M","T","T","T","TTT",70.4,153.5,"Campo 1",13,6,0,0,0
"242","M4G8HISTO","M28","M","T","T","T","TTT",70.4,153.5,"Campo 2",8,8,0,0,0
"243","M4G8HISTO","M28","M","T","T","T","TTT",70.4,153.5,"Campo 3",12,4,0,0,0
"244","M4G8HISTO","M28","M","T","T","T","TTT",70.4,153.5,"Campo 4",7,0,0,0,0
"245","M4G8HISTO","M28","M","T","T","T","TTT",70.4,153.5,"Campo 5",8,0,0,0,0
"246","M4G8HISTO","M28","M","T","T","T","TTT",70.4,153.5,"Campo 6",18,4,0,0,0
"247","M4G8HISTO","M28","M","T","T","T","TTT",70.4,153.5,"Campo 7",15,2,0,0,0
"248","M4G8HISTO","M28","M","T","T","T","TTT",70.4,153.5,"Campo 8",11,2,0,0,0
"249","M4G8HISTO","M28","M","T","T","T","TTT",70.4,153.5,"Campo 9",5,4,0,0,0
"250","M4G8HISTO","M28","M","T","T","T","TTT",70.4,153.5,"Campo 10",12,2,0,0,0
