"","sample_id","sex","sex_binary","line_f0","temp_f2","temp_f1","temp_f0","treatment","length_standard_mm","weight_g","tank_larval","tank_pregrow"
"1","M6G8","M",0,"S4","T","T","T","TTT",157.6,65.1,11,"D8"
"2","M6G7","M",0,"S3","C","T","T","TTC",134.1,37.8,7,"D14"
"3","M6G6","M",0,"S3","T","C","T","TCT",149.4,57.2,16,"D8"
"4","M6G5","M",0,"S3","C","C","T","TCC",145.2,49.9,8,"D14"
"5","M6G4","M",0,"S1","T","T","C","CTT",152.5,65.3,9,"D8"
"6","M6G3","M",0,"S2","C","T","C","CTC",142.4,50.6,5,"D14"
"7","M6G2","M",0,"S1","T","C","C","CCT",137,42.4,10,"D8"
"8","M6G1","M",0,"S1","C","C","C","CCC",138.7,44.2,2,"D14"
"9","M5G8","M",0,"S3","T","T","T","TTT",136.9,43,15,"D8"
"10","M5G7","M",0,"S3","C","T","T","TTC",128.2,35.5,7,"D14"
"11","M5G6","M",0,"S4","T","C","T","TCT",172.5,84.7,12,"D8"
"12","M5G5","M",0,"S3","C","C","T","TCC",158.8,67.7,8,"D14"
"13","M5G4","M",0,"S1","T","T","C","CTT",162.6,71.5,9,"D8"
"14","M5G3","M",0,"S1","C","T","C","CTC",163.4,65.7,1,"D14"
"15","M5G2","M",0,"S2","T","C","C","CCT",151.3,61.5,14,"D8"
"16","M5G1","M",0,"S1","C","C","C","CCC",157.3,63.2,2,"D14"
"17","M4G8HISTO","M",0,"S4","T","T","T","TTT",153.5,70.4,11,"D6"
"18","M4G8","M",0,"S4","T","T","T","TTT",158.8,71.6,11,"D8"
"19","M4G7HISTO","M",0,"S4","C","T","T","TTC",174.6,93,3,"D13"
"20","M4G7","M",0,"S4","C","T","T","TTC",144.5,51.3,3,"D14"
"21","M4G6HISTO","M",0,"S4","T","C","T","TCT",142.7,50.2,12,"D6"
"22","M4G6","M",0,"S3","T","C","T","TCT",126,33,16,"D8"
"23","M4G5","M",0,"S4","C","C","T","TCC",123.5,28.6,4,"D14"
"24","M4G4HISTO","M",0,"S1","T","T","C","CTT",155.8,62.4,9,"D6"
"25","M4G4","M",0,"S1","T","T","C","CTT",138,43,9,"D8"
"26","M4G3","M",0,"S2","C","T","C","CTC",141.9,50.7,5,"D14"
"27","M4G2HISTO","M",0,"S2","T","C","C","CCT",167.8,78.7,14,"D6"
"28","M4G2","M",0,"S1","T","C","C","CCT",158,66.8,10,"D8"
"29","M4G1","M",0,"S2","C","C","C","CCC",168.6,83.5,6,"D14"
"30","M3G8HISTO","M",0,"S4","T","T","T","TTT",138.3,47.4,11,"D6"
"31","M3G8","M",0,"S3","T","T","T","TTT",144.7,52.5,15,"D8"
"32","M3G7HISTO","M",0,"S4","C","T","T","TTC",154.7,63.3,3,"D13"
"33","M3G7","M",0,"S4","C","T","T","TTC",170.9,77.5,3,"D14"
"34","M3G6HISTO","M",0,"S4","T","C","T","TCT",145,52.8,12,"D6"
"35","M3G6","M",0,"S3","T","C","T","TCT",169.7,84.5,16,"D8"
"36","M3G5HISTO","M",0,"S4","C","C","T","TCC",140.3,48.4,4,"D14"
"37","M3G5","M",0,"S3","C","C","T","TCC",174,88.2,8,"D13"
"38","M3G4HISTO","M",0,"S1","T","T","C","CTT",156.4,65.2,9,"D6"
"39","M3G4","M",0,"S1","T","T","C","CTT",159.9,70.5,9,"D8"
"40","M3G3","M",0,"S1","C","T","C","CTC",154.9,57.2,1,"D14"
"41","M3G2HISTO","M",0,"S1","T","C","C","CCT",142.2,51.5,10,"D6"
"42","M3G2","M",0,"S2","T","C","C","CCT",149,52.3,14,"D8"
"43","M3G1HISTO","M",0,"S2","C","C","C","CCC",160.9,75.9,6,"D13"
"44","M3G1","M",0,"S2","C","C","C","CCC",138.8,43.5,6,"D14"
"45","M2G8HISTO","M",0,"S4","T","T","T","TTT",166.8,93,11,"D6"
"46","M2G8","M",0,"S3","T","T","T","TTT",151,56.4,15,"D8"
"47","M2G7HISTO","M",0,"S3","C","T","T","TTC",155.1,69.6,7,"D13"
"48","M2G7","M",0,"S3","C","T","T","TTC",163.6,76.6,7,"D14"
"49","M2G6HISTO","M",0,"S3","T","C","T","TCT",140,49.9,16,"D6"
"50","M2G6","M",0,"S4","T","C","T","TCT",110.4,25.2,12,"D8"
"51","M2G5HISTO","M",0,"S4","C","C","T","TCC",153.6,59.3,4,"D14"
"52","M2G5","M",0,"S3","C","C","T","TCC",158.4,66.9,8,"D14"
"53","M2G4HISTO","M",0,"S1","T","T","C","CTT",154.9,64.5,9,"D6"
"54","M2G4","M",0,"S1","T","T","C","CTT",150.7,61.9,9,"D8"
"55","M2G3HISTO","M",0,"S1","C","T","C","CTC",168.4,82.4,1,"D13"
"56","M2G3","M",0,"S1","C","T","C","CTC",144.4,48,1,"D14"
"57","M2G2HISTO","M",0,"S1","T","C","C","CCT",166.8,79.6,10,"D6"
"58","M2G2","M",0,"S2","T","C","C","CCT",163.2,69.5,14,"D8"
"59","M2G1HISTO","M",0,"S1","C","C","C","CCC",150.6,70.6,2,"D14"
"60","M2G1","M",0,"S1","C","C","C","CCC",130,39.8,2,"D14"
"61","M1G8HISTO","M",0,"S4","T","T","T","TTT",169.1,98.5,11,"D6"
"62","M1G8","M",0,"S4","T","T","T","TTT",156.2,66.5,11,"D8"
"63","M1G7HISTO","M",0,"S3","C","T","T","TTC",148.3,71.3,7,"D14"
"64","M1G7","M",0,"S4","C","T","T","TTC",168.1,78.9,3,"D14"
"65","M1G6HISTO","M",0,"S3","T","C","T","TCT",143.1,51.8,16,"D6"
"66","M1G6","M",0,"S4","T","C","T","TCT",136.7,40.9,12,"D8"
"67","M1G5HISTO","M",0,"S3","C","C","T","TCC",134.3,41,8,"D14"
"68","M1G5","M",0,"S4","C","C","T","TCC",141.1,44.3,4,"D14"
"69","M1G4HISTO","M",0,"S1","T","T","C","CTT",151.7,61.8,9,"D6"
"70","M1G4","M",0,"S1","T","T","C","CTT",156.1,58.6,9,"D8"
"71","M1G3HISTO","M",0,"S2","C","T","C","CTC",153.4,64.6,5,"D13"
"72","M1G3","M",0,"S2","C","T","C","CTC",149.7,55.3,5,"D14"
"73","M1G2HISTO","M",0,"S1","T","C","C","CCT",133.6,41.4,10,"D6"
"74","M1G2","M",0,"S1","T","C","C","CCT",132,37.8,10,"D8"
"75","M1G1HISTO","M",0,"S2","C","C","C","CCC",169.4,85.5,6,"D14"
"76","M1G1","M",0,"S2","C","C","C","CCC",168.9,85.8,6,"D14"
"77","F6G8","F",1,"S4","T","T","T","TTT",163.6,69.9,11,"D8"
"78","F6G7","F",1,"S3","C","T","T","TTC",181.9,99.9,7,"D14"
"79","F6G6","F",1,"S4","T","C","T","TCT",150.8,54.8,12,"D8"
"80","F6G5","F",1,"S4","C","C","T","TCC",175.2,88.6,4,"D14"
"81","F6G4","F",1,"S1","T","T","C","CTT",187.2,105.2,9,"D8"
"82","F6G3","F",1,"S1","C","T","C","CTC",158.7,58.7,1,"D14"
"83","F6G2","F",1,"S2","T","C","C","CCT",198.5,135.6,14,"D8"
"84","F6G1","F",1,"S2","C","C","C","CCC",138.6,44,6,"D14"
"85","F5G8","F",1,"S4","T","T","T","TTT",186.5,107.9,11,"D8"
"86","F5G7","F",1,"S3","C","T","T","TTC",179.1,93.6,7,"D14"
"87","F5G6","F",1,"S4","T","C","T","TCT",165.1,76.5,12,"D8"
"88","F5G5","F",1,"S4","C","C","T","TCC",147.3,52.3,4,"D14"
"89","F5G4","F",1,"S1","T","T","C","CTT",154.9,58.7,9,"D8"
"90","F5G3","F",1,"S1","C","T","C","CTC",164.1,70.1,1,"D14"
"91","F5G2","F",1,"S2","T","C","C","CCT",150.4,56.2,14,"D8"
"92","F5G1","F",1,"S2","C","C","C","CCC",153.9,59.1,6,"D14"
"93","F4G8HISTO","F",1,"S3","T","T","T","TTT",166.9,81.2,15,"D6"
"94","F4G8","F",1,"S3","T","T","T","TTT",162.3,76.1,15,"D8"
"95","F4G7HISTO","F",1,"S4","C","T","T","TTC",174.4,102.1,3,"D13"
"96","F4G7","F",1,"S3","C","T","T","TTC",167.9,75.6,7,"D14"
"97","F4G6HISTO","F",1,"S3","T","C","T","TCT",165.9,76.2,16,"D6"
"98","F4G6","F",1,"S3","T","C","T","TCT",148.3,59.9,16,"D8"
"99","F4G5","F",1,"S3","C","C","T","TCC",153.7,64.1,8,"D14"
"100","F4G4","F",1,"S1","T","T","C","CTT",156.1,62.7,9,"D8"
"101","F4G3HISTO","F",1,"S2","C","T","C","CTC",139.1,50.5,5,"D13"
"102","F4G3","F",1,"S2","C","T","C","CTC",166.2,73.9,5,"D14"
"103","F4G2HISTO","F",1,"S1","T","C","C","CCT",176.6,97,10,"D6"
"104","F4G2","F",1,"S2","T","C","C","CCT",139.5,45.6,14,"D8"
"105","F4G1","F",1,"S2","C","C","C","CCC",145.7,50.4,6,"D14"
"106","F3G8HISTO","F",1,"S4","T","T","T","TTT",163.9,75.6,11,"D6"
"107","F3G8","F",1,"S3","T","T","T","TTT",135.2,40.7,15,"D8"
"108","F3G7HISTO","F",1,"S3","C","T","T","TTC",160.2,75.4,7,"D14"
"109","F3G7","F",1,"S4","C","T","T","TTC",150.4,60.1,3,"D14"
"110","F3G6HISTO","F",1,"S4","T","C","T","TCT",171.6,85.3,12,"D6"
"111","F3G6","F",1,"S3","T","C","T","TCT",169.4,89.1,16,"D8"
"112","F3G5","F",1,"S4","C","C","T","TCC",168.5,76.3,4,"D14"
"113","F3G4HISTO","F",1,"S1","T","T","C","CTT",158.4,67.2,9,"D6"
"114","F3G4","F",1,"S1","T","T","C","CTT",154.2,62.1,9,"D8"
"115","F3G3HISTO","F",1,"S1","C","T","C","CTC",157.9,66.8,1,"D13"
"116","F3G2","F",1,"S1","T","C","C","CCT",158.8,98,10,"D8"
"117","F3G1","F",1,"S1","C","C","C","CCC",144.6,52,2,"D14"
"118","F2G8HISTO","F",1,"S4","T","T","T","TTT",178.4,104,11,"D6"
"119","F2G8","F",1,"S3","T","T","T","TTT",163.8,78.5,15,"D8"
"120","F2G7HISTO","F",1,"S4","C","T","T","TTC",155.8,66.8,3,"D14"
"121","F2G7","F",1,"S4","C","T","T","TTC",144.7,49,3,"D14"
"122","F2G6HISTO","F",1,"S4","T","C","T","TCT",147.5,64,12,"D6"
"123","F2G6","F",1,"S4","T","C","T","TCT",174.5,41.3,12,"D8"
"124","F2G5HISTO","F",1,"S4","C","C","T","TCC",144,56.4,4,"D13"
"125","F2G5","F",1,"S3","C","C","T","TCC",160,75.6,8,"D14"
"126","F2G4HISTO","F",1,"S1","T","T","C","CTT",134,41.1,9,"D6"
"127","F2G4","F",1,"S1","T","T","C","CTT",154.9,57.3,9,"D8"
"128","F2G3HISTO","F",1,"S2","C","T","C","CTC",146.4,55.3,5,"D13"
"129","F2G3","F",1,"S2","C","T","C","CTC",144,51.9,5,"D14"
"130","F2G2HISTO","F",1,"S2","T","C","C","CCT",131.3,54.5,14,"D6"
"131","0","F",1,"S2","T","C","C","CCT",141.9,62.6,14,"D6"
"132","F2G2","F",1,"S1","T","C","C","CCT",148.7,57,10,"D8"
"133","F2G1","F",1,"S1","C","C","C","CCC",137.9,44.2,2,"D14"
"134","F1G8HISTO","F",1,"S4","T","T","T","TTT",158.8,68.1,11,"D6"
"135","F1G8","F",1,"S4","T","T","T","TTT",156.1,67.5,11,"D8"
"136","F1G7HISTO","F",1,"S3","C","T","T","TTC",170,92.3,7,"D14"
"137","F1G7","F",1,"S4","C","T","T","TTC",153.4,63,3,"D14"
"138","F1G6HISTO","F",1,"S3","T","C","T","TCT",141.6,47.7,16,"D6"
"139","F1G6","F",1,"S3","T","C","T","TCT",158.9,72.1,16,"D8"
"140","F1G5HISTO","F",1,"S3","C","C","T","TCC",145.6,61.5,8,"D13"
"141","F1G5","F",1,"S3","C","C","T","TCC",161,72.7,8,"D14"
"142","F1G4HISTO","F",1,"S1","T","T","C","CTT",170.7,91.8,9,"D6"
"143","F1G4","F",1,"S1","T","T","C","CTT",161.7,79.5,9,"D8"
"144","F1G3HISTO","F",1,"S1","C","T","C","CTC",149.7,58.3,1,"D14"
"145","F1G3","F",1,"S2","C","T","C","CTC",166.3,85.3,5,"D13"
"146","F1G3","F",1,"S2","C","T","C","CTC",165.2,68.6,5,"D14"
"147","F1G2HISTO","F",1,"S1","T","C","C","CCT",156.4,63.9,10,"D6"
"148","F1G2","F",1,"S1","T","C","C","CCT",150.2,56.7,10,"D8"
"149","F1G1HISTO","F",1,"S1","C","C","C","CCC",150.3,64.2,2,"D13"
"150","F1G1","F",1,"S1","C","C","C","CCC",164.6,77.1,2,"D14"
"151","0","M",0,"S1","T","T","C","CTT",155.1,64.6,9,"D6"
"152","0","M",0,"S1","T","T","C","CTT",149.4,56.2,9,"D6"
"153","0","M",0,"S1","T","T","C","CTT",166.7,92.2,9,"D6"
"154","0","M",0,"S1","T","T","C","CTT",148.4,57.7,9,"D6"
"155","0","M",0,"S1","T","T","C","CTT",149.6,61.3,9,"D6"
"156","0","F",1,"S1","T","T","C","CTT",155.6,63.3,9,"D6"
"157","0","M",0,"S1","T","T","C","CTT",163.4,74.4,9,"D6"
"158","0","M",0,"S1","T","T","C","CTT",151.7,58.1,9,"D6"
"159","0","M",0,"S1","T","T","C","CTT",134.4,41.5,9,"D6"
"160","0","M",0,"S1","T","T","C","CTT",143.7,53.9,9,"D6"
"161","0","M",0,"S1","T","T","C","CTT",146,54.5,9,"D6"
"162","0","M",0,"S1","T","T","C","CTT",140.3,46.2,9,"D6"
"163","0","M",0,"S1","T","T","C","CTT",184.8,105.4,9,"D6"
"164","0","M",0,"S1","T","T","C","CTT",151.8,50.7,9,"D6"
"165","0","M",0,"S1","T","T","C","CTT",156.5,61.8,9,"D6"
"166","0","M",0,"S1","T","T","C","CTT",146.5,54.8,9,"D6"
"167","0","F",1,"S1","T","T","C","CTT",148.2,61.4,9,"D6"
"168","0","M",0,"S1","T","T","C","CTT",146.5,58.8,9,"D6"
"169","0","M",0,"S1","T","T","C","CTT",152.3,59.2,9,"D6"
"170","0","M",0,"S1","T","T","C","CTT",147,51.5,9,"D6"
"171","0","M",0,"S1","T","T","C","CTT",152.6,64.8,9,"D6"
"172","0","M",0,"S1","T","T","C","CTT",148.9,55.9,9,"D6"
"173","0","M",0,"S1","T","T","C","CTT",134.4,45.9,9,"D6"
"174","0","M",0,"S1","T","T","C","CTT",148.8,53.4,9,"D6"
"175","0","M",0,"S1","T","T","C","CTT",139.1,44.8,9,"D6"
"176","0","M",0,"S1","T","T","C","CTT",143.5,48.4,9,"D6"
"177","0","M",0,"S1","T","T","C","CTT",146.4,59.2,9,"D6"
"178","0","M",0,"S1","T","T","C","CTT",144.5,73.6,9,"D6"
"179","0","M",0,"S1","T","T","C","CTT",144,49,9,"D6"
"180","0","M",0,"S1","T","T","C","CTT",146.5,53.8,9,"D6"
"181","0","F",1,"S1","T","T","C","CTT",148.9,60,9,"D6"
"182","0","M",0,"S1","T","T","C","CTT",159.6,69.9,9,"D6"
"183","0","M",0,"S1","T","T","C","CTT",161.6,71.6,9,"D6"
"184","0","F",1,"S1","T","T","C","CTT",166.5,76.5,9,"D6"
"185","0","M",0,"S1","T","T","C","CTT",140.2,47.1,9,"D6"
"186","0","M",0,"S1","T","T","C","CTT",137.1,31.8,9,"D6"
"187","0","M",0,"S1","T","T","C","CTT",138.6,49.6,9,"D6"
"188","0","M",0,"S1","T","T","C","CTT",159.3,73.2,9,"D6"
"189","0","F",1,"S1","T","T","C","CTT",138,46.7,9,"D6"
"190","0","M",0,"S1","T","T","C","CTT",163,78.1,9,"D6"
"191","0","F",1,"S1","T","T","C","CTT",166.4,75,9,"D8"
"192","0","M",0,"S1","T","T","C","CTT",145.7,50.2,9,"D8"
"193","0","M",0,"S1","T","T","C","CTT",146.5,51.2,9,"D8"
"194","0","M",0,"S1","T","T","C","CTT",142.4,46.2,9,"D8"
"195","0","M",0,"S1","T","T","C","CTT",123,24.5,9,"D8"
"196","0","M",0,"S1","T","T","C","CTT",147.4,57.5,9,"D8"
"197","0","M",0,"S1","T","T","C","CTT",140.9,42.2,9,"D8"
"198","0","M",0,"S1","T","T","C","CTT",125.7,21.7,9,"D8"
"199","0","M",0,"S1","T","T","C","CTT",153.1,59.1,9,"D8"
"200","0","M",0,"S1","T","T","C","CTT",152.5,55.4,9,"D8"
"201","0","M",0,"S1","T","T","C","CTT",151.6,58.3,9,"D8"
"202","0","M",0,"S1","T","T","C","CTT",150,60.8,9,"D8"
"203","0","M",0,"S1","T","T","C","CTT",155.7,65,9,"D8"
"204","0","M",0,"S1","T","T","C","CTT",132,37.8,9,"D8"
"205","0","M",0,"S1","T","T","C","CTT",136.9,40.5,9,"D8"
"206","0","M",0,"S1","T","T","C","CTT",147,55.7,9,"D8"
"207","0","M",0,"S1","T","T","C","CTT",142.7,49.7,9,"D8"
"208","0","M",0,"S1","T","T","C","CTT",133.3,37.7,9,"D8"
"209","0","M",0,"S1","T","T","C","CTT",133.3,39,9,"D8"
"210","0","M",0,"S1","T","T","C","CTT",130.4,42.1,9,"D8"
"211","0","M",0,"S1","T","T","C","CTT",141.3,39.4,9,"D8"
"212","0","M",0,"S1","T","T","C","CTT",150.3,54.5,9,"D8"
"213","0","M",0,"S1","T","T","C","CTT",146.2,56.5,9,"D8"
"214","0","M",0,"S1","T","T","C","CTT",160.9,66.5,9,"D8"
"215","0","M",0,"S1","T","T","C","CTT",126.7,33.9,9,"D8"
"216","0","M",0,"S1","T","T","C","CTT",159.6,66.8,9,"D8"
"217","0","M",0,"S1","T","T","C","CTT",146.7,54.5,9,"D8"
"218","0","M",0,"S1","T","T","C","CTT",168,70.2,9,"D8"
"219","0","M",0,"S1","T","T","C","CTT",148.5,53,9,"D8"
"220","0","M",0,"S1","T","T","C","CTT",154.9,58.4,9,"D8"
"221","0","M",0,"S1","T","T","C","CTT",121.4,29.7,9,"D8"
"222","0","M",0,"S1","T","T","C","CTT",152.9,59,9,"D8"
"223","0","M",0,"S1","T","T","C","CTT",125.5,32.5,9,"D8"
"224","0","M",0,"S1","T","T","C","CTT",142.9,52.6,9,"D8"
"225","0","M",0,"S1","T","T","C","CTT",135.7,37.2,9,"D8"
"226","0","M",0,"S1","T","T","C","CTT",137.8,50.6,9,"D8"
"227","0","M",0,"S1","T","C","C","CCT",163.6,80.6,10,"D6"
"228","0","F",1,"S1","T","C","C","CCT",128.4,37.2,10,"D6"
"229","0","F",1,"S1","T","C","C","CCT",146.4,52.7,10,"D6"
"230","0","M",0,"S1","T","C","C","CCT",154,66.8,10,"D6"
"231","0","M",0,"S1","T","C","C","CCT",131.7,42.5,10,"D6"
"232","0","F",1,"S1","T","C","C","CCT",148.9,54.3,10,"D6"
"233","0","F",1,"S1","T","C","C","CCT",157.6,76,10,"D6"
"234","0","F",1,"S1","T","C","C","CCT",158.5,76.6,10,"D6"
"235","0","M",0,"S1","T","C","C","CCT",147.5,57.3,10,"D6"
"236","0","M",0,"S1","T","C","C","CCT",143.1,59,10,"D6"
"237","0","M",0,"S1","T","C","C","CCT",179.4,102.6,10,"D6"
"238","0","F",1,"S1","T","C","C","CCT",150.1,56.2,10,"D6"
"239","0","F",1,"S1","T","C","C","CCT",173.3,88,10,"D6"
"240","0","M",0,"S1","T","C","C","CCT",152.6,69.1,10,"D6"
"241","0","M",0,"S1","T","C","C","CCT",136.6,45.8,10,"D6"
"242","0","M",0,"S1","T","C","C","CCT",150.1,60.4,10,"D6"
"243","0","F",1,"S1","T","C","C","CCT",139.8,52.3,10,"D6"
"244","0","F",1,"S1","T","C","C","CCT",141.5,50.2,10,"D6"
"245","0","M",0,"S1","T","C","C","CCT",140.1,46.7,10,"D6"
"246","0","F",1,"S1","T","C","C","CCT",139.6,46.1,10,"D6"
"247","0","F",1,"S1","T","C","C","CCT",200,145,10,"D6"
"248","0","M",0,"S1","T","C","C","CCT",156.1,65.7,10,"D6"
"249","0","F",1,"S1","T","C","C","CCT",143.5,56.5,10,"D6"
"250","0","F",1,"S1","T","C","C","CCT",131,44.6,10,"D6"
"251","0","F",1,"S1","T","C","C","CCT",160.6,73.7,10,"D6"
"252","0","M",0,"S1","T","C","C","CCT",137.1,44.4,10,"D6"
"253","0","F",1,"S1","T","C","C","CCT",128.4,39.2,10,"D6"
"254","0","F",1,"S1","T","C","C","CCT",159.9,48.4,10,"D6"
"255","0","F",1,"S1","T","C","C","CCT",146.1,53.6,10,"D6"
"256","0","F",1,"S1","T","C","C","CCT",140.1,45.1,10,"D6"
"257","0","M",0,"S1","T","C","C","CCT",150.5,57.3,10,"D6"
"258","0","M",0,"S1","T","C","C","CCT",132.7,43.4,10,"D6"
"259","0","M",0,"S1","T","C","C","CCT",151.4,60.8,10,"D6"
"260","0","M",0,"S1","T","C","C","CCT",149.2,58.6,10,"D6"
"261","0","M",0,"S1","T","C","C","CCT",155.3,66.7,10,"D6"
"262","0","M",0,"S1","T","C","C","CCT",137.4,47.6,10,"D6"
"263","0","M",0,"S1","T","C","C","CCT",139,48,10,"D6"
"264","0","F",1,"S1","T","C","C","CCT",162.4,77.6,10,"D6"
"265","0","F",1,"S1","T","C","C","CCT",156.9,68.1,10,"D6"
"266","0","M",0,"S1","T","C","C","CCT",126,35.7,10,"D6"
"267","0","M",0,"S1","T","C","C","CCT",141.3,48.1,10,"D6"
"268","0","M",0,"S1","T","C","C","CCT",134.2,47.8,10,"D6"
"269","0","M",0,"S1","T","C","C","CCT",136.8,40.9,10,"D6"
"270","0","M",0,"S1","T","C","C","CCT",128.2,34.3,10,"D6"
"271","0","M",0,"S1","T","C","C","CCT",141.1,49.4,10,"D6"
"272","0","M",0,"S1","T","C","C","CCT",125.4,34.7,10,"D8"
"273","0","F",1,"S1","T","C","C","CCT",167.3,77,10,"D8"
"274","0","F",1,"S1","T","C","C","CCT",141.5,46.1,10,"D8"
"275","0","F",1,"S1","T","C","C","CCT",147,54.5,10,"D8"
"276","0","F",1,"S1","T","C","C","CCT",179.9,99.2,10,"D8"
"277","0","F",1,"S1","T","C","C","CCT",169.2,80.2,10,"D8"
"278","0","F",1,"S1","T","C","C","CCT",148.9,56.8,10,"D8"
"279","0","F",1,"S1","T","C","C","CCT",145,53,10,"D8"
"280","0","M",0,"S1","T","C","C","CCT",136.8,46.9,10,"D8"
"281","0","M",0,"S1","T","C","C","CCT",147.9,57.4,10,"D8"
"282","0","F",1,"S1","T","C","C","CCT",153.5,62.5,10,"D8"
"283","0","F",1,"S1","T","C","C","CCT",162,66.6,10,"D8"
"284","0","F",1,"S1","T","C","C","CCT",139,41.2,10,"D8"
"285","0","M",0,"S1","T","C","C","CCT",142.7,49.7,10,"D8"
"286","0","M",0,"S1","T","C","C","CCT",136.1,51.2,10,"D8"
"287","0","M",0,"S1","T","C","C","CCT",153.1,61.6,10,"D8"
"288","0","F",1,"S1","T","C","C","CCT",165,73.2,10,"D8"
"289","0","F",1,"S1","T","C","C","CCT",162.4,77.8,10,"D8"
"290","0","M",0,"S1","T","C","C","CCT",141.2,48.6,10,"D8"
"291","0","M",0,"S1","T","C","C","CCT",154,64,10,"D8"
"292","0","M",0,"S1","T","C","C","CCT",120.9,29.1,10,"D8"
"293","0","M",0,"S1","T","C","C","CCT",156.2,65.9,10,"D8"
"294","0","M",0,"S1","T","C","C","CCT",152.2,61.9,10,"D8"
"295","0","M",0,"S1","T","C","C","CCT",142.3,48.1,10,"D8"
"296","0","M",0,"S1","T","C","C","CCT",129.5,35.3,10,"D8"
"297","0","M",0,"S1","T","C","C","CCT",145.4,55.3,10,"D8"
"298","0","F",1,"S1","T","C","C","CCT",145.1,53.2,10,"D8"
"299","0","M",0,"S1","T","C","C","CCT",135,40.4,10,"D8"
"300","0","M",0,"S1","T","C","C","CCT",149,57.3,10,"D8"
"301","0","M",0,"S1","T","C","C","CCT",148.9,55.2,10,"D8"
"302","0","F",1,"S1","T","C","C","CCT",162.8,68.5,10,"D8"
"303","0","F",1,"S1","T","C","C","CCT",147.5,52.5,10,"D8"
"304","0","M",0,"S1","T","C","C","CCT",122.4,30.4,10,"D8"
"305","0","M",0,"S1","T","C","C","CCT",139,39.7,10,"D8"
"306","0","M",0,"S1","T","C","C","CCT",147.2,58.6,10,"D8"
"307","0","F",1,"S1","T","C","C","CCT",177.4,99.8,10,"D8"
"308","0","F",1,"S1","T","C","C","CCT",136.5,46.5,10,"D8"
"309","0","M",0,"S1","T","C","C","CCT",146.1,53.9,10,"D8"
"310","0","M",0,"S1","T","C","C","CCT",165.2,69.8,10,"D8"
"311","0","M",0,"S1","T","C","C","CCT",131.4,40.4,10,"D8"
"312","0","F",1,"S1","T","C","C","CCT",167.2,77.5,10,"D8"
"313","0","M",0,"S1","T","C","C","CCT",155.4,64,10,"D8"
"314","0","F",1,"S1","T","C","C","CCT",136.8,42.2,10,"D8"
"315","0","F",1,"S4","T","T","T","TTT",169,94.2,11,"D6"
"316","0","M",0,"S4","T","T","T","TTT",143,60,11,"D6"
"317","0","M",0,"S4","T","T","T","TTT",112.8,26.2,11,"D6"
"318","0","M",0,"S4","T","T","T","TTT",142.7,46,11,"D6"
"319","0","F",1,"S4","T","T","T","TTT",170.3,93.5,11,"D6"
"320","0","M",0,"S4","T","T","T","TTT",145.4,54.9,11,"D6"
"321","0","M",0,"S4","T","T","T","TTT",141.3,50.7,11,"D6"
"322","0","F",1,"S4","T","T","T","TTT",162.8,74.3,11,"D6"
"323","0","M",0,"S4","T","T","T","TTT",157.4,69,11,"D6"
"324","0","M",0,"S4","T","T","T","TTT",129.7,42,11,"D6"
"325","0","M",0,"S4","T","T","T","TTT",148.9,63.3,11,"D6"
"326","0","M",0,"S4","T","T","T","TTT",122.4,36.3,11,"D6"
"327","0","M",0,"S4","T","T","T","TTT",146.9,58.8,11,"D6"
"328","0","M",0,"S4","T","T","T","TTT",158.9,67,11,"D6"
"329","0","M",0,"S4","T","T","T","TTT",124.9,35.6,11,"D6"
"330","0","M",0,"S4","T","T","T","TTT",154.4,62.8,11,"D6"
"331","0","M",0,"S4","T","T","T","TTT",148.6,59.2,11,"D6"
"332","0","M",0,"S4","T","T","T","TTT",123.7,31.7,11,"D6"
"333","0","M",0,"S4","T","T","T","TTT",138,46.7,11,"D6"
"334","0","M",0,"S4","T","T","T","TTT",154.4,61.5,11,"D6"
"335","0","M",0,"S4","T","T","T","TTT",153.8,65.5,11,"D6"
"336","0","M",0,"S4","T","T","T","TTT",112.6,24.7,11,"D6"
"337","0","F",1,"S4","T","T","T","TTT",134.8,42,11,"D6"
"338","0","M",0,"S4","T","T","T","TTT",148.5,59.9,11,"D6"
"339","0","M",0,"S4","T","T","T","TTT",157.1,71.1,11,"D6"
"340","0","F",1,"S4","T","T","T","TTT",180.1,100.3,11,"D6"
"341","0","M",0,"S4","T","T","T","TTT",155.3,63.5,11,"D6"
"342","0","M",0,"S4","T","T","T","TTT",157.8,61.8,11,"D6"
"343","0","M",0,"S4","T","T","T","TTT",158.8,70.1,11,"D6"
"344","0","F",1,"S4","T","T","T","TTT",140.9,62.8,11,"D6"
"345","0","M",0,"S4","T","T","T","TTT",140.6,52.3,11,"D6"
"346","0","M",0,"S4","T","T","T","TTT",144.3,57.8,11,"D6"
"347","0","M",0,"S4","T","T","T","TTT",149.1,60.8,11,"D6"
"348","0","F",1,"S4","T","T","T","TTT",157.7,72.2,11,"D6"
"349","0","M",0,"S4","T","T","T","TTT",139.9,51.8,11,"D6"
"350","0","M",0,"S4","T","T","T","TTT",156.4,74.4,11,"D6"
"351","0","F",1,"S4","T","T","T","TTT",158.2,65.9,11,"D6"
"352","0","M",0,"S4","T","T","T","TTT",164.4,77.9,11,"D6"
"353","0","M",0,"S4","T","T","T","TTT",142.6,52.7,11,"D6"
"354","0","M",0,"S4","T","T","T","TTT",142.2,47.9,11,"D6"
"355","0","F",1,"S4","T","T","T","TTT",166.5,75.1,11,"D6"
"356","0","M",0,"S4","T","T","T","TTT",152.3,62.1,11,"D6"
"357","0","M",0,"S4","T","T","T","TTT",148.3,57.4,11,"D6"
"358","0","M",0,"S4","T","T","T","TTT",145.7,50.4,11,"D8"
"359","0","M",0,"S4","T","T","T","TTT",161,67.6,11,"D8"
"360","0","M",0,"S4","T","T","T","TTT",153.4,58.3,11,"D8"
"361","0","M",0,"S4","T","T","T","TTT",153.1,56,11,"D8"
"362","0","M",0,"S4","T","T","T","TTT",148.1,52.6,11,"D8"
"363","0","M",0,"S4","T","T","T","TTT",137.7,48.2,11,"D8"
"364","0","M",0,"S4","T","T","T","TTT",145.2,53.2,11,"D8"
"365","0","M",0,"S4","T","T","T","TTT",136.7,41.3,11,"D8"
"366","0","M",0,"S4","T","T","T","TTT",130.7,41,11,"D8"
"367","0","F",1,"S4","T","T","T","TTT",121.2,33.1,11,"D8"
"368","0","M",0,"S4","T","T","T","TTT",119.7,27.6,11,"D8"
"369","0","M",0,"S4","T","T","T","TTT",144.9,48.8,11,"D8"
"370","0","M",0,"S4","T","T","T","TTT",151.8,55.1,11,"D8"
"371","0","F",1,"S4","T","T","T","TTT",153.4,57.5,11,"D8"
"372","0","M",0,"S4","T","T","T","TTT",149.8,54.2,11,"D8"
"373","0","M",0,"S4","T","T","T","TTT",149.5,58.7,11,"D8"
"374","0","M",0,"S4","T","T","T","TTT",146.3,53.6,11,"D8"
"375","0","M",0,"S4","T","T","T","TTT",161.5,74,11,"D8"
"376","0","M",0,"S4","T","T","T","TTT",157.2,61.3,11,"D8"
"377","0","F",1,"S4","T","T","T","TTT",188,110.5,11,"D8"
"378","0","F",1,"S4","T","T","T","TTT",176.9,92.1,11,"D8"
"379","0","M",0,"S4","T","T","T","TTT",126.2,34.7,11,"D8"
"380","0","M",0,"S4","T","T","T","TTT",117.8,30.3,11,"D8"
"381","0","M",0,"S4","T","T","T","TTT",144.5,49.1,11,"D8"
"382","0","F",1,"S4","T","T","T","TTT",143.3,55,11,"D8"
"383","0","M",0,"S4","T","T","T","TTT",151.5,59.4,11,"D8"
"384","0","M",0,"S4","T","T","T","TTT",157.7,60.4,11,"D8"
"385","0","M",0,"S4","T","T","T","TTT",149.5,57.1,11,"D8"
"386","0","M",0,"S4","T","T","T","TTT",125,33.2,11,"D8"
"387","0","F",1,"S4","T","T","T","TTT",155.1,63.3,11,"D8"
"388","0","M",0,"S4","T","T","T","TTT",161.7,63.9,11,"D8"
"389","0","F",1,"S4","T","T","T","TTT",181.5,93.9,11,"D8"
"390","0","F",1,"S4","T","T","T","TTT",204.9,142.3,11,"D8"
"391","0","M",0,"S4","T","T","T","TTT",139.3,45.4,11,"D8"
"392","0","F",1,"S4","T","T","T","TTT",161,75.5,11,"D8"
"393","0","F",1,"S4","T","T","T","TTT",164.2,74.1,11,"D8"
"394","0","M",0,"S4","T","T","T","TTT",149,53.4,11,"D8"
"395","0","M",0,"S4","T","T","T","TTT",142,48.7,11,"D8"
"396","0","M",0,"S4","T","T","T","TTT",173.7,84,11,"D8"
"397","0","M",0,"S4","T","T","T","TTT",154.1,61.3,11,"D8"
"398","0","F",1,"S4","T","T","T","TTT",141.3,47.7,11,"D8"
"399","0","M",0,"S4","T","T","T","TTT",137.4,42.4,11,"D8"
"400","0","M",0,"S4","T","T","T","TTT",161.4,70.4,11,"D8"
"401","0","M",0,"S4","T","T","T","TTT",158.5,63.9,11,"D8"
"402","0","M",0,"S4","T","C","T","TCT",145.1,54.2,12,"D6"
"403","0","F",1,"S4","T","C","T","TCT",183.3,113.4,12,"D6"
"404","0","F",1,"S4","T","C","T","TCT",179.3,105.7,12,"D6"
"405","0","F",1,"S4","T","C","T","TCT",161.9,77.5,12,"D6"
"406","0","F",1,"S4","T","C","T","TCT",162.1,90.2,12,"D6"
"407","0","F",1,"S4","T","C","T","TCT",177.9,107.2,12,"D6"
"408","0","M",0,"S4","T","C","T","TCT",151,62.6,12,"D6"
"409","0","F",1,"S4","T","C","T","TCT",178.2,106.2,12,"D6"
"410","0","F",1,"S4","T","C","T","TCT",159.3,71.2,12,"D6"
"411","0","F",1,"S4","T","C","T","TCT",214.3,176,12,"D6"
"412","0","F",1,"S4","T","C","T","TCT",186.6,119.5,12,"D6"
"413","0","F",1,"S4","T","C","T","TCT",170.5,93.7,12,"D6"
"414","0","F",1,"S4","T","C","T","TCT",165.8,76,12,"D6"
"415","0","M",0,"S4","T","C","T","TCT",126.9,38.1,12,"D6"
"416","0","F",1,"S4","T","C","T","TCT",175.1,98.9,12,"D6"
"417","0","F",1,"S4","T","C","T","TCT",152.3,65.8,12,"D6"
"418","0","F",1,"S4","T","C","T","TCT",178.7,100.6,12,"D6"
"419","0","F",1,"S4","T","C","T","TCT",168.5,85.2,12,"D6"
"420","0","F",1,"S4","T","C","T","TCT",180.4,101.9,12,"D6"
"421","0","M",0,"S4","T","C","T","TCT",154.1,62.9,12,"D6"
"422","0","F",1,"S4","T","C","T","TCT",131.1,44.2,12,"D6"
"423","0","M",0,"S4","T","C","T","TCT",138.3,50.6,12,"D6"
"424","0","F",1,"S4","T","C","T","TCT",146.6,60,12,"D6"
"425","0","F",1,"S4","T","C","T","TCT",155.6,67.7,12,"D6"
"426","0","F",1,"S4","T","C","T","TCT",164.9,76,12,"D6"
"427","0","F",1,"S4","T","C","T","TCT",184.8,103.2,12,"D6"
"428","0","M",0,"S4","T","C","T","TCT",150.6,66.4,12,"D6"
"429","0","F",1,"S4","T","C","T","TCT",177.6,98.3,12,"D6"
"430","0","F",1,"S4","T","C","T","TCT",198.6,141.6,12,"D6"
"431","0","M",0,"S4","T","C","T","TCT",153.3,66.1,12,"D6"
"432","0","F",1,"S4","T","C","T","TCT",187.9,122.1,12,"D6"
"433","0","F",1,"S4","T","C","T","TCT",176.3,102.6,12,"D6"
"434","0","F",1,"S4","T","C","T","TCT",154.8,63.9,12,"D6"
"435","0","M",0,"S4","T","C","T","TCT",132.8,38,12,"D6"
"436","0","F",1,"S4","T","C","T","TCT",152.4,61.8,12,"D6"
"437","0","F",1,"S4","T","C","T","TCT",154.8,68.9,12,"D6"
"438","0","F",1,"S4","T","C","T","TCT",151.1,54.5,12,"D6"
"439","0","F",1,"S4","T","C","T","TCT",160.5,70.5,12,"D6"
"440","0","F",1,"S4","T","C","T","TCT",177.9,104.5,12,"D6"
"441","0","F",1,"S4","T","C","T","TCT",150.7,61.7,12,"D6"
"442","0","F",1,"S4","T","C","T","TCT",167.4,78.9,12,"D6"
"443","0","M",0,"S4","T","C","T","TCT",156.9,61.9,12,"D6"
"444","0","M",0,"S4","T","C","T","TCT",138.5,44.3,12,"D6"
"445","0","F",1,"S4","T","C","T","TCT",161,79.9,12,"D6"
"446","0","M",0,"S4","T","C","T","TCT",168.6,88.4,12,"D6"
"447","0","M",0,"S4","T","C","T","TCT",152.7,69,12,"D8"
"448","0","F",1,"S4","T","C","T","TCT",148.7,59.2,12,"D8"
"449","0","F",1,"S4","T","C","T","TCT",149.4,61.5,12,"D8"
"450","0","F",1,"S4","T","C","T","TCT",141.7,48.8,12,"D8"
"451","0","M",0,"S4","T","C","T","TCT",134.5,41.3,12,"D8"
"452","0","M",0,"S4","T","C","T","TCT",162.5,76.1,12,"D8"
"453","0","M",0,"S4","T","C","T","TCT",179.5,100,12,"D8"
"454","0","M",0,"S4","T","C","T","TCT",107.1,22.6,12,"D8"
"455","0","F",1,"S4","T","C","T","TCT",157.4,70,12,"D8"
"456","0","F",1,"S4","T","C","T","TCT",147.1,56.8,12,"D8"
"457","0","F",1,"S4","T","C","T","TCT",159.4,73.2,12,"D8"
"458","0","F",1,"S4","T","C","T","TCT",187.1,123.2,12,"D8"
"459","0","F",1,"S4","T","C","T","TCT",188.5,109.4,12,"D8"
"460","0","M",0,"S4","T","C","T","TCT",135.4,42.9,12,"D8"
"461","0","M",0,"S4","T","C","T","TCT",131,37.1,12,"D8"
"462","0","F",1,"S4","T","C","T","TCT",156.5,66,12,"D8"
"463","0","F",1,"S4","T","C","T","TCT",178.9,101.7,12,"D8"
"464","0","F",1,"S4","T","C","T","TCT",167.2,82.9,12,"D8"
"465","0","F",1,"S4","T","C","T","TCT",175.2,87.7,12,"D8"
"466","0","F",1,"S4","T","C","T","TCT",137.2,38.3,12,"D8"
"467","0","F",1,"S4","T","C","T","TCT",170.7,83.5,12,"D8"
"468","0","F",1,"S4","T","C","T","TCT",168,69.9,12,"D8"
"469","0","F",1,"S4","T","C","T","TCT",161.9,76.4,12,"D8"
"470","0","F",1,"S4","T","C","T","TCT",156.9,66.3,12,"D8"
"471","0","M",0,"S4","T","C","T","TCT",157.2,75.9,12,"D8"
"472","0","F",1,"S4","T","C","T","TCT",176.7,99.7,12,"D8"
"473","0","M",0,"S4","T","C","T","TCT",149.4,53.7,12,"D8"
"474","0","M",0,"S4","T","C","T","TCT",177.7,90.8,12,"D8"
"475","0","F",1,"S4","T","C","T","TCT",169.5,84.2,12,"D8"
"476","0","F",1,"S4","T","C","T","TCT",167.9,80.9,12,"D8"
"477","0","M",0,"S4","T","C","T","TCT",161,74.5,12,"D8"
"478","0","F",1,"S4","T","C","T","TCT",134.8,38.5,12,"D8"
"479","0","F",1,"S4","T","C","T","TCT",173.4,89.1,12,"D8"
"480","0","F",1,"S4","T","C","T","TCT",129.7,35.9,12,"D8"
"481","0","F",1,"S4","T","C","T","TCT",194.7,135.8,12,"D8"
"482","0","M",0,"S4","T","C","T","TCT",142.7,48.8,12,"D8"
"483","0","F",1,"S4","T","C","T","TCT",181.2,104.8,12,"D8"
"484","0","M",0,"S4","T","C","T","TCT",157.8,68.7,12,"D8"
"485","0","M",0,"S4","T","C","T","TCT",162,80.3,12,"D8"
"486","0","F",1,"S4","T","C","T","TCT",145,53.8,12,"D8"
"487","0","M",0,"S4","T","C","T","TCT",159.3,68.7,12,"D8"
"488","0","M",0,"S4","T","C","T","TCT",154.2,55.7,12,"D8"
"489","0","F",1,"S4","T","C","T","TCT",149,51.5,12,"D8"
"490","0","M",0,"S4","T","C","T","TCT",135.2,41.9,12,"D8"
"491","0","M",0,"S2","T","C","C","CCT",168.4,81.5,14,"D6"
"492","0","F",1,"S2","T","C","C","CCT",152.9,56.4,14,"D6"
"493","0","M",0,"S2","T","C","C","CCT",159.5,66.9,14,"D6"
"494","0","F",1,"S2","T","C","C","CCT",191.3,120.7,14,"D6"
"495","0","M",0,"S2","T","C","C","CCT",147.1,55.7,14,"D6"
"496","0","F",1,"S2","T","C","C","CCT",163.4,70.8,14,"D6"
"497","0","M",0,"S2","T","C","C","CCT",152.4,58.5,14,"D6"
"498","0","M",0,"S2","T","C","C","CCT",142.1,51.3,14,"D6"
"499","0","M",0,"S2","T","C","C","CCT",126.3,37.6,14,"D6"
"500","0","M",0,"S2","T","C","C","CCT",157.7,68.6,14,"D6"
"501","0","M",0,"S2","T","C","C","CCT",153.3,60.6,14,"D6"
"502","0","F",1,"S2","T","C","C","CCT",159.9,74.4,14,"D6"
"503","0","M",0,"S2","T","C","C","CCT",175.7,95.9,14,"D6"
"504","0","M",0,"S2","T","C","C","CCT",155,65.7,14,"D6"
"505","0","M",0,"S2","T","C","C","CCT",141.8,47.6,14,"D6"
"506","0","M",0,"S2","T","C","C","CCT",135.9,42.9,14,"D6"
"507","0","M",0,"S2","T","C","C","CCT",175.1,94.8,14,"D6"
"508","0","M",0,"S2","T","C","C","CCT",176.9,98.1,14,"D6"
"509","0","M",0,"S2","T","C","C","CCT",146.9,55.6,14,"D6"
"510","0","M",0,"S2","T","C","C","CCT",176.7,92.4,14,"D6"
"511","0","M",0,"S2","T","C","C","CCT",166.6,82.3,14,"D6"
"512","0","M",0,"S2","T","C","C","CCT",151.4,63.3,14,"D6"
"513","0","M",0,"S2","T","C","C","CCT",153.2,62.3,14,"D6"
"514","0","M",0,"S2","T","C","C","CCT",150.1,61,14,"D6"
"515","0","M",0,"S2","T","C","C","CCT",152.1,59.9,14,"D6"
"516","0","M",0,"S2","T","C","C","CCT",145.1,49.9,14,"D6"
"517","0","M",0,"S2","T","C","C","CCT",147.1,54,14,"D6"
"518","0","F",1,"S2","T","C","C","CCT",148.9,57.6,14,"D6"
"519","0","M",0,"S2","T","C","C","CCT",158.6,63.4,14,"D6"
"520","0","M",0,"S2","T","C","C","CCT",198.5,139.4,14,"D6"
"521","0","M",0,"S2","T","C","C","CCT",148.1,56.5,14,"D6"
"522","0","M",0,"S2","T","C","C","CCT",163.8,73.5,14,"D6"
"523","0","M",0,"S2","T","C","C","CCT",145.5,53.9,14,"D6"
"524","0","M",0,"S2","T","C","C","CCT",147.8,51.3,14,"D6"
"525","0","M",0,"S2","T","C","C","CCT",164,75.7,14,"D6"
"526","0","M",0,"S2","T","C","C","CCT",166.3,78,14,"D6"
"527","0","M",0,"S2","T","C","C","CCT",180.4,99.1,14,"D6"
"528","0","M",0,"S2","T","C","C","CCT",161.5,66.2,14,"D6"
"529","0","M",0,"S2","T","C","C","CCT",155.5,62.2,14,"D6"
"530","0","M",0,"S2","T","C","C","CCT",157,66.2,14,"D6"
"531","0","F",1,"S2","T","C","C","CCT",166.8,83.6,14,"D6"
"532","0","M",0,"S2","T","C","C","CCT",153.9,56.9,14,"D6"
"533","0","M",0,"S2","T","C","C","CCT",126,36.9,14,"D6"
"534","0","M",0,"S2","T","C","C","CCT",151.6,62.1,14,"D6"
"535","0","M",0,"S2","T","C","C","CCT",140.4,41.5,14,"D6"
"536","0","M",0,"S2","T","C","C","CCT",129.1,33.9,14,"D6"
"537","0","M",0,"S2","T","C","C","CCT",151.3,61,14,"D8"
"538","0","M",0,"S2","T","C","C","CCT",138.4,49.4,14,"D8"
"539","0","M",0,"S2","T","C","C","CCT",158.9,75.5,14,"D8"
"540","0","F",1,"S2","T","C","C","CCT",148.9,60.8,14,"D8"
"541","0","M",0,"S2","T","C","C","CCT",139,49.9,14,"D8"
"542","0","M",0,"S2","T","C","C","CCT",130.9,38.4,14,"D8"
"543","0","M",0,"S2","T","C","C","CCT",155.9,62.8,14,"D8"
"544","0","M",0,"S2","T","C","C","CCT",137.3,43.7,14,"D8"
"545","0","M",0,"S2","T","C","C","CCT",141.5,49.8,14,"D8"
"546","0","M",0,"S2","T","C","C","CCT",141.2,46.5,14,"D8"
"547","0","M",0,"S2","T","C","C","CCT",155.7,62.6,14,"D8"
"548","0","M",0,"S2","T","C","C","CCT",177.1,97.5,14,"D8"
"549","0","M",0,"S2","T","C","C","CCT",151.6,51.7,14,"D8"
"550","0","M",0,"S2","T","C","C","CCT",141.9,44.8,14,"D8"
"551","0","F",1,"S2","T","C","C","CCT",147.8,51.1,14,"D8"
"552","0","F",1,"S2","T","C","C","CCT",150.5,62.1,14,"D8"
"553","0","M",0,"S2","T","C","C","CCT",157.5,69.4,14,"D8"
"554","0","M",0,"S2","T","C","C","CCT",194.4,115.3,14,"D8"
"555","0","M",0,"S2","T","C","C","CCT",156.5,61.5,14,"D8"
"556","0","M",0,"S2","T","C","C","CCT",167.5,76,14,"D8"
"557","0","M",0,"S2","T","C","C","CCT",162,71,14,"D8"
"558","0","M",0,"S2","T","C","C","CCT",155.4,54.8,14,"D8"
"559","0","M",0,"S2","T","C","C","CCT",154.9,64.7,14,"D8"
"560","0","M",0,"S2","T","C","C","CCT",154.8,59.3,14,"D8"
"561","0","M",0,"S2","T","C","C","CCT",166.8,77.5,14,"D8"
"562","0","M",0,"S2","T","C","C","CCT",139.2,43.9,14,"D8"
"563","0","M",0,"S2","T","C","C","CCT",150.4,57.5,14,"D8"
"564","0","F",1,"S2","T","C","C","CCT",149,49.8,14,"D8"
"565","0","M",0,"S2","T","C","C","CCT",160.9,68,14,"D8"
"566","0","M",0,"S2","T","C","C","CCT",152.9,56.3,14,"D8"
"567","0","F",1,"S2","T","C","C","CCT",137.5,40.1,14,"D8"
"568","0","M",0,"S2","T","C","C","CCT",154.9,57.6,14,"D8"
"569","0","M",0,"S2","T","C","C","CCT",141.3,48.3,14,"D8"
"570","0","M",0,"S2","T","C","C","CCT",136.4,42.9,14,"D8"
"571","0","M",0,"S2","T","C","C","CCT",143.1,49,14,"D8"
"572","0","M",0,"S2","T","C","C","CCT",151,55.9,14,"D8"
"573","0","M",0,"S2","T","C","C","CCT",133.2,40,14,"D8"
"574","0","M",0,"S2","T","C","C","CCT",149.6,54,14,"D8"
"575","0","M",0,"S2","T","C","C","CCT",129.2,35.5,14,"D8"
"576","0","M",0,"S2","T","C","C","CCT",148.3,56.7,14,"D8"
"577","0","F",1,"S2","T","C","C","CCT",147.9,55.9,14,"D8"
"578","0","M",0,"S2","T","C","C","CCT",141.6,45.5,14,"D8"
"579","0","M",0,"S2","T","C","C","CCT",157.2,60.4,14,"D8"
"580","0","M",0,"S2","T","C","C","CCT",139.2,44.8,14,"D8"
"581","0","F",1,"S3","T","T","T","TTT",165.6,83.6,15,"D6"
"582","0","M",0,"S3","T","T","T","TTT",150.1,57,15,"D6"
"583","0","M",0,"S3","T","T","T","TTT",140.3,54.5,15,"D6"
"584","0","M",0,"S3","T","T","T","TTT",138.8,50.3,15,"D6"
"585","0","F",1,"S3","T","T","T","TTT",170.6,78.4,15,"D6"
"586","0","F",1,"S3","T","T","T","TTT",174.3,91.8,15,"D6"
"587","0","F",1,"S3","T","T","T","TTT",155.8,68.1,15,"D6"
"588","0","M",0,"S3","T","T","T","TTT",154.3,64.7,15,"D6"
"589","0","M",0,"S3","T","T","T","TTT",109.4,21.2,15,"D6"
"590","0","M",0,"S3","T","T","T","TTT",172.7,106,15,"D6"
"591","0","F",1,"S3","T","T","T","TTT",171.9,92.1,15,"D6"
"592","0","M",0,"S3","T","T","T","TTT",175.4,92.2,15,"D6"
"593","0","M",0,"S3","T","T","T","TTT",128,38.1,15,"D6"
"594","0","M",0,"S3","T","T","T","TTT",133.6,41.5,15,"D6"
"595","0","M",0,"S3","T","T","T","TTT",127,38,15,"D6"
"596","0","M",0,"S3","T","T","T","TTT",148.9,48.9,15,"D6"
"597","0","F",1,"S3","T","T","T","TTT",156,67,15,"D6"
"598","0","F",1,"S3","T","T","T","TTT",180.6,115.4,15,"D6"
"599","0","M",0,"S3","T","T","T","TTT",146.9,55.6,15,"D6"
"600","0","M",0,"S3","T","T","T","TTT",138.9,47.2,15,"D6"
"601","0","M",0,"S3","T","T","T","TTT",137.8,46.3,15,"D6"
"602","0","M",0,"S3","T","T","T","TTT",171.7,91.7,15,"D6"
"603","0","M",0,"S3","T","T","T","TTT",136.4,41.9,15,"D6"
"604","0","F",1,"S3","T","T","T","TTT",147.9,56.3,15,"D6"
"605","0","M",0,"S3","T","T","T","TTT",126.8,37.5,15,"D6"
"606","0","F",1,"S3","T","T","T","TTT",184.9,124.9,15,"D6"
"607","0","M",0,"S3","T","T","T","TTT",126.8,37.5,15,"D6"
"608","0","M",0,"S3","T","T","T","TTT",138.1,44,15,"D6"
"609","0","F",1,"S3","T","T","T","TTT",137.4,47,15,"D6"
"610","0","M",0,"S3","T","T","T","TTT",151.2,61.2,15,"D6"
"611","0","F",1,"S3","T","T","T","TTT",178.6,95.3,15,"D6"
"612","0","F",1,"S3","T","T","T","TTT",129.4,40.5,15,"D6"
"613","0","M",0,"S3","T","T","T","TTT",148.9,56.6,15,"D6"
"614","0","M",0,"S3","T","T","T","TTT",129.9,39.2,15,"D6"
"615","0","M",0,"S3","T","T","T","TTT",143.6,50.5,15,"D6"
"616","0","M",0,"S3","T","T","T","TTT",124.5,33.2,15,"D6"
"617","0","F",1,"S3","T","T","T","TTT",148.5,56.6,15,"D6"
"618","0","M",0,"S3","T","T","T","TTT",125,34.9,15,"D6"
"619","0","F",1,"S3","T","T","T","TTT",149.3,55.2,15,"D6"
"620","0","M",0,"S3","T","T","T","TTT",142.2,52.4,15,"D6"
"621","0","M",0,"S3","T","T","T","TTT",134.4,43.8,15,"D6"
"622","0","M",0,"S3","T","T","T","TTT",129.5,38.3,15,"D6"
"623","0","M",0,"S3","T","T","T","TTT",147.4,51.5,15,"D6"
"624","0","M",0,"S3","T","T","T","TTT",162.5,50.8,15,"D6"
"625","0","F",1,"S3","T","T","T","TTT",149.9,54.1,15,"D6"
"626","0","F",1,"S3","T","T","T","TTT",160.8,68.1,15,"D6"
"627","0","M",0,"S3","T","T","T","TTT",140.7,54.1,15,"D6"
"628","0","M",0,"S3","T","T","T","TTT",150,51,15,"D8"
"629","0","M",0,"S3","T","T","T","TTT",119.3,29.1,15,"D8"
"630","0","M",0,"S3","T","T","T","TTT",135.1,37.6,15,"D8"
"631","0","F",1,"S3","T","T","T","TTT",155.9,62.3,15,"D8"
"632","0","F",1,"S3","T","T","T","TTT",162.4,74.5,15,"D8"
"633","0","F",1,"S3","T","T","T","TTT",139.4,47.8,15,"D8"
"634","0","M",0,"S3","T","T","T","TTT",138.7,44.8,15,"D8"
"635","0","M",0,"S3","T","T","T","TTT",133.7,39,15,"D8"
"636","0","M",0,"S3","T","T","T","TTT",133.1,48.6,15,"D8"
"637","0","F",1,"S3","T","T","T","TTT",134.6,40.8,15,"D8"
"638","0","M",0,"S3","T","T","T","TTT",127.5,37.4,15,"D8"
"639","0","M",0,"S3","T","T","T","TTT",120.5,29.7,15,"D8"
"640","0","M",0,"S3","T","T","T","TTT",148.7,61.4,15,"D8"
"641","0","M",0,"S3","T","T","T","TTT",126.7,32,15,"D8"
"642","0","M",0,"S3","T","T","T","TTT",143.7,52.9,15,"D8"
"643","0","M",0,"S3","T","T","T","TTT",131.7,38.2,15,"D8"
"644","0","M",0,"S3","T","T","T","TTT",129.8,33.4,15,"D8"
"645","0","M",0,"S3","T","T","T","TTT",141.7,49.2,15,"D8"
"646","0","M",0,"S3","T","T","T","TTT",131.1,38.7,15,"D8"
"647","0","F",1,"S3","T","T","T","TTT",145.3,50.4,15,"D8"
"648","0","M",0,"S3","T","T","T","TTT",131.4,37.6,15,"D8"
"649","0","F",1,"S3","T","T","T","TTT",173.2,86.6,15,"D8"
"650","0","F",1,"S3","T","T","T","TTT",139,43.7,15,"D8"
"651","0","M",0,"S3","T","T","T","TTT",159.9,64.8,15,"D8"
"652","0","M",0,"S3","T","T","T","TTT",141.7,45.2,15,"D8"
"653","0","F",1,"S3","T","T","T","TTT",150.5,56.2,15,"D8"
"654","0","M",0,"S3","T","T","T","TTT",159.9,66.4,15,"D8"
"655","0","M",0,"S3","T","T","T","TTT",148.2,53.6,15,"D8"
"656","0","M",0,"S3","T","T","T","TTT",144.8,54.9,15,"D8"
"657","0","F",1,"S3","T","T","T","TTT",167.4,83.3,15,"D8"
"658","0","F",1,"S3","T","T","T","TTT",177.4,89.9,15,"D8"
"659","0","M",0,"S3","T","T","T","TTT",166.3,74.8,15,"D8"
"660","0","F",1,"S3","T","T","T","TTT",160.3,73.9,15,"D8"
"661","0","M",0,"S3","T","T","T","TTT",141.9,49.5,15,"D8"
"662","0","M",0,"S3","T","T","T","TTT",148.2,55.1,15,"D8"
"663","0","M",0,"S3","T","T","T","TTT",149,55.7,15,"D8"
"664","0","F",1,"S3","T","T","T","TTT",151.2,57.7,15,"D8"
"665","0","M",0,"S3","T","T","T","TTT",155.7,57.1,15,"D8"
"666","0","M",0,"S3","T","T","T","TTT",144,50.9,15,"D8"
"667","0","M",0,"S3","T","T","T","TTT",142.8,45,15,"D8"
"668","0","F",1,"S3","T","T","T","TTT",160.4,64.4,15,"D8"
"669","0","M",0,"S3","T","T","T","TTT",123.4,35,15,"D8"
"670","0","M",0,"S3","T","T","T","TTT",138.2,43.6,15,"D8"
"671","0","M",0,"S3","T","C","T","TCT",109.6,22.5,16,"D6"
"672","0","M",0,"S3","T","C","T","TCT",118.6,29.2,16,"D6"
"673","0","M",0,"S3","T","C","T","TCT",130.2,38.8,16,"D6"
"674","0","M",0,"S3","T","C","T","TCT",160.5,72.5,16,"D6"
"675","0","F",1,"S3","T","C","T","TCT",150.3,63.8,16,"D6"
"676","0","F",1,"S3","T","C","T","TCT",136.8,48.6,16,"D6"
"677","0","M",0,"S3","T","C","T","TCT",127.6,33.6,16,"D6"
"678","0","M",0,"S3","T","C","T","TCT",144.9,50.2,16,"D6"
"679","0","M",0,"S3","T","C","T","TCT",139.3,47.8,16,"D6"
"680","0","M",0,"S3","T","C","T","TCT",140.9,45.4,16,"D6"
"681","0","M",0,"S3","T","C","T","TCT",136.5,41.7,16,"D6"
"682","0","M",0,"S3","T","C","T","TCT",136.4,51.1,16,"D6"
"683","0","M",0,"S3","T","C","T","TCT",147.1,52.4,16,"D6"
"684","0","M",0,"S3","T","C","T","TCT",133.4,43.3,16,"D6"
"685","0","M",0,"S3","T","C","T","TCT",141.7,53.1,16,"D6"
"686","0","M",0,"S3","T","C","T","TCT",157.1,65,16,"D6"
"687","0","F",1,"S3","T","C","T","TCT",177.3,104.8,16,"D6"
"688","0","F",1,"S3","T","C","T","TCT",136.8,40.5,16,"D6"
"689","0","F",1,"S3","T","C","T","TCT",148.4,60.1,16,"D6"
"690","0","M",0,"S3","T","C","T","TCT",129,41,16,"D6"
"691","0","M",0,"S3","T","C","T","TCT",120.2,33.5,16,"D6"
"692","0","F",1,"S3","T","C","T","TCT",136.1,45.6,16,"D6"
"693","0","F",1,"S3","T","C","T","TCT",167.9,79,16,"D6"
"694","0","F",1,"S3","T","C","T","TCT",166.6,80.7,16,"D6"
"695","0","M",0,"S3","T","C","T","TCT",133.4,40.3,16,"D6"
"696","0","M",0,"S3","T","C","T","TCT",135.8,42.5,16,"D6"
"697","0","M",0,"S3","T","C","T","TCT",133.4,41.2,16,"D6"
"698","0","M",0,"S3","T","C","T","TCT",146.3,57.8,16,"D6"
"699","0","F",1,"S3","T","C","T","TCT",152.1,66.1,16,"D6"
"700","0","M",0,"S3","T","C","T","TCT",127.6,35.7,16,"D6"
"701","0","M",0,"S3","T","C","T","TCT",126.3,36.7,16,"D6"
"702","0","F",1,"S3","T","C","T","TCT",144,49.9,16,"D6"
"703","0","M",0,"S3","T","C","T","TCT",140.4,50.6,16,"D6"
"704","0","M",0,"S3","T","C","T","TCT",142.3,50.9,16,"D6"
"705","0","F",1,"S3","T","C","T","TCT",163.2,79.7,16,"D6"
"706","0","F",1,"S3","T","C","T","TCT",160.5,75.4,16,"D6"
"707","0","F",1,"S3","T","C","T","TCT",146.9,56.8,16,"D6"
"708","0","M",0,"S3","T","C","T","TCT",131.7,42.5,16,"D6"
"709","0","F",1,"S3","T","C","T","TCT",134.3,48.7,16,"D6"
"710","0","M",0,"S3","T","C","T","TCT",154.7,66,16,"D6"
"711","0","M",0,"S3","T","C","T","TCT",128.7,37.5,16,"D6"
"712","0","F",1,"S3","T","C","T","TCT",150.5,63.7,16,"D6"
"713","0","M",0,"S3","T","C","T","TCT",130.1,41.5,16,"D6"
"714","0","F",1,"S3","T","C","T","TCT",134.5,42,16,"D6"
"715","0","M",0,"S3","T","C","T","TCT",147.7,59.1,16,"D8"
"716","0","M",0,"S3","T","C","T","TCT",141.5,51.1,16,"D8"
"717","0","F",1,"S3","T","C","T","TCT",151.2,53.5,16,"D8"
"718","0","F",1,"S3","T","C","T","TCT",138.7,46.9,16,"D8"
"719","0","M",0,"S3","T","C","T","TCT",119.4,28.4,16,"D8"
"720","0","M",0,"S3","T","C","T","TCT",157.8,66.2,16,"D8"
"721","0","M",0,"S3","T","C","T","TCT",135.2,44.5,16,"D8"
"722","0","M",0,"S3","T","C","T","TCT",138.5,44.6,16,"D8"
"723","0","F",1,"S3","T","C","T","TCT",140.9,46.2,16,"D8"
"724","0","M",0,"S3","T","C","T","TCT",146.7,54.5,16,"D8"
"725","0","M",0,"S3","T","C","T","TCT",134.7,38.8,16,"D8"
"726","0","M",0,"S3","T","C","T","TCT",143.7,49.2,16,"D8"
"727","0","M",0,"S3","T","C","T","TCT",125.4,34,16,"D8"
"728","0","M",0,"S3","T","C","T","TCT",144,50.8,16,"D8"
"729","0","M",0,"S3","T","C","T","TCT",132.4,38.5,16,"D8"
"730","0","F",1,"S3","T","C","T","TCT",138.1,44.4,16,"D8"
"731","0","M",0,"S3","T","C","T","TCT",130.7,36.1,16,"D8"
"732","0","F",1,"S3","T","C","T","TCT",155.7,63.2,16,"D8"
"733","0","F",1,"S3","T","C","T","TCT",156.4,70.3,16,"D8"
"734","0","F",1,"S3","T","C","T","TCT",153,54.4,16,"D8"
"735","0","F",1,"S3","T","C","T","TCT",148.9,60.9,16,"D8"
"736","0","M",0,"S3","T","C","T","TCT",127,37.6,16,"D8"
"737","0","F",1,"S3","T","C","T","TCT",161.4,67.9,16,"D8"
"738","0","F",1,"S3","T","C","T","TCT",142.6,47.3,16,"D8"
"739","0","F",1,"S3","T","C","T","TCT",162.4,71.4,16,"D8"
"740","0","M",0,"S3","T","C","T","TCT",132.4,40.2,16,"D8"
"741","0","F",1,"S3","T","C","T","TCT",156.4,62.4,16,"D8"
"742","0","F",1,"S3","T","C","T","TCT",160.9,78.7,16,"D8"
"743","0","M",0,"S3","T","C","T","TCT",144,56.3,16,"D8"
"744","0","M",0,"S3","T","C","T","TCT",134.1,42.9,16,"D8"
"745","0","M",0,"S3","T","C","T","TCT",135.1,42.8,16,"D8"
"746","0","M",0,"S3","T","C","T","TCT",145.4,46.4,16,"D8"
"747","0","M",0,"S3","T","C","T","TCT",112,26.7,16,"D8"
"748","0","M",0,"S3","T","C","T","TCT",140.1,48,16,"D8"
"749","0","M",0,"S3","T","C","T","TCT",142.4,50.5,16,"D8"
"750","0","M",0,"S3","T","C","T","TCT",137,44.1,16,"D8"
"751","0","M",0,"S3","T","C","T","TCT",154.9,65.6,16,"D8"
"752","0","M",0,"S3","T","C","T","TCT",128.7,34.7,16,"D8"
"753","0","M",0,"S3","T","C","T","TCT",135.3,42.4,16,"D8"
"754","0","F",1,"S3","T","C","T","TCT",164,77.4,16,"D8"
"755","0","F",1,"S3","T","C","T","TCT",135,44.3,16,"D8"
"756","0","F",1,"S3","T","C","T","TCT",134.8,46.8,16,"D8"
"757","0","M",0,"S1","C","T","C","CTC",156.4,72.4,1,"D13"
"758","0","M",0,"S1","C","T","C","CTC",137.3,44.4,1,"D13"
"759","0","M",0,"S1","C","T","C","CTC",159.7,69.8,1,"D13"
"760","0","M",0,"S1","C","T","C","CTC",156.3,64.1,1,"D13"
"761","0","F",1,"S1","C","T","C","CTC",150.6,64.3,1,"D13"
"762","0","M",0,"S1","C","T","C","CTC",147.6,60.6,1,"D13"
"763","0","M",0,"S1","C","T","C","CTC",135.9,42.1,1,"D13"
"764","0","M",0,"S1","C","T","C","CTC",142.9,56.3,1,"D13"
"765","0","F",1,"S1","C","T","C","CTC",160.3,71.5,1,"D13"
"766","0","M",0,"S1","C","T","C","CTC",176.8,107.9,1,"D13"
"767","0","F",1,"S1","C","T","C","CTC",159.8,72.2,1,"D13"
"768","0","M",0,"S1","C","T","C","CTC",148.8,55.4,1,"D13"
"769","0","F",1,"S1","C","T","C","CTC",146.8,58.2,1,"D13"
"770","0","F",1,"S1","C","T","C","CTC",154.2,66,1,"D13"
"771","0","F",1,"S1","C","T","C","CTC",154.8,63.9,1,"D13"
"772","0","M",0,"S1","C","T","C","CTC",136.1,48.3,1,"D13"
"773","0","M",0,"S1","C","T","C","CTC",138.6,50.6,1,"D13"
"774","0","M",0,"S1","C","T","C","CTC",133.3,47,1,"D13"
"775","0","M",0,"S1","C","T","C","CTC",163.9,75.4,1,"D13"
"776","0","M",0,"S1","C","T","C","CTC",134.9,45.6,1,"D13"
"777","0","M",0,"S1","C","T","C","CTC",142.8,51.3,1,"D13"
"778","0","M",0,"S1","C","T","C","CTC",146.8,61.9,1,"D13"
"779","0","M",0,"S1","C","T","C","CTC",157.4,69.4,1,"D13"
"780","0","M",0,"S1","C","T","C","CTC",116.5,27.1,1,"D13"
"781","0","M",0,"S1","C","T","C","CTC",166.8,79.5,1,"D13"
"782","0","F",1,"S1","C","T","C","CTC",165.8,79.9,1,"D13"
"783","0","M",0,"S1","C","T","C","CTC",116.2,29.2,1,"D13"
"784","0","F",1,"S1","C","T","C","CTC",150.6,59.6,1,"D13"
"785","0","M",0,"S1","C","T","C","CTC",159,76.5,1,"D13"
"786","0","F",1,"S1","C","T","C","CTC",148.5,58.3,1,"D13"
"787","0","M",0,"S1","C","T","C","CTC",144.1,65.9,1,"D13"
"788","0","M",0,"S1","C","T","C","CTC",156.2,68.3,1,"D13"
"789","0","F",1,"S1","C","T","C","CTC",168.1,80.4,1,"D13"
"790","0","F",1,"S1","C","T","C","CTC",154.1,67.9,1,"D13"
"791","0","M",0,"S1","C","T","C","CTC",123.8,32.9,1,"D13"
"792","0","M",0,"S1","C","T","C","CTC",121.4,21.7,1,"D13"
"793","0","M",0,"S1","C","T","C","CTC",140.9,48.8,1,"D13"
"794","0","F",1,"S1","C","T","C","CTC",161.6,66.4,1,"D13"
"795","0","M",0,"S1","C","T","C","CTC",164.2,77.6,1,"D13"
"796","0","M",0,"S1","C","T","C","CTC",171.7,87.7,1,"D13"
"797","0","F",1,"S1","C","T","C","CTC",154.9,66.4,1,"D13"
"798","0","F",1,"S1","C","T","C","CTC",147.3,56.1,1,"D13"
"799","0","F",1,"S1","C","T","C","CTC",156.6,68.2,1,"D13"
"800","0","F",1,"S1","C","T","C","CTC",155.7,72.7,1,"D13"
"801","0","M",0,"S1","C","T","C","CTC",157.2,63.3,1,"D13"
"802","0","M",0,"S1","C","T","C","CTC",150,58.8,1,"D13"
"803","0","M",0,"S1","C","T","C","CTC",147.3,55.4,1,"D13"
"804","0","M",0,"S1","C","T","C","CTC",139.3,45.5,1,"D14"
"805","0","F",1,"S1","C","T","C","CTC",174,92,1,"D14"
"806","0","M",0,"S1","C","T","C","CTC",152.9,61.5,1,"D14"
"807","0","F",1,"S1","C","T","C","CTC",168.6,79.9,1,"D14"
"808","0","F",1,"S1","C","T","C","CTC",142.5,48.1,1,"D14"
"809","0","F",1,"S1","C","T","C","CTC",170.4,78.7,1,"D14"
"810","0","F",1,"S1","C","T","C","CTC",136.1,39,1,"D14"
"811","0","M",0,"S1","C","T","C","CTC",126.1,32.6,1,"D14"
"812","0","M",0,"S1","C","T","C","CTC",145.2,48,1,"D14"
"813","0","M",0,"S1","C","T","C","CTC",158.6,65.5,1,"D14"
"814","0","M",0,"S1","C","T","C","CTC",141.2,42.5,1,"D14"
"815","0","M",0,"S1","C","T","C","CTC",121,25.5,1,"D14"
"816","0","M",0,"S1","C","T","C","CTC",138.6,42,1,"D14"
"817","0","F",1,"S1","C","T","C","CTC",155.3,65.3,1,"D14"
"818","0","F",1,"S1","C","T","C","CTC",135,42.4,1,"D14"
"819","0","F",1,"S1","C","T","C","CTC",169.6,84.1,1,"D14"
"820","0","F",1,"S1","C","T","C","CTC",160.3,70,1,"D14"
"821","0","M",0,"S1","C","T","C","CTC",155,58.9,1,"D14"
"822","0","F",1,"S1","C","T","C","CTC",151.8,59.5,1,"D14"
"823","0","F",1,"S1","C","T","C","CTC",140.7,47.4,1,"D14"
"824","0","M",0,"S1","C","T","C","CTC",158.2,61.6,1,"D14"
"825","0","M",0,"S1","C","T","C","CTC",150.2,56.4,1,"D14"
"826","0","F",1,"S1","C","T","C","CTC",148.7,47.5,1,"D14"
"827","0","F",1,"S1","C","T","C","CTC",159.7,62.8,1,"D14"
"828","0","F",1,"S1","C","T","C","CTC",161.4,59.5,1,"D14"
"829","0","M",0,"S1","C","T","C","CTC",150.1,46.9,1,"D14"
"830","0","M",0,"S1","C","T","C","CTC",146.5,47.1,1,"D14"
"831","0","M",0,"S1","C","T","C","CTC",127.1,37.2,1,"D14"
"832","0","F",1,"S1","C","T","C","CTC",147.3,60.7,1,"D14"
"833","0","M",0,"S1","C","T","C","CTC",115.6,25.2,1,"D14"
"834","0","M",0,"S1","C","T","C","CTC",150,59.2,1,"D14"
"835","0","M",0,"S1","C","T","C","CTC",142.2,42.5,1,"D14"
"836","0","M",0,"S1","C","T","C","CTC",157.6,62.4,1,"D14"
"837","0","M",0,"S1","C","T","C","CTC",122.9,30.4,1,"D14"
"838","0","M",0,"S1","C","T","C","CTC",131.5,38.2,1,"D14"
"839","0","F",1,"S1","C","T","C","CTC",168.2,77.3,1,"D14"
"840","0","F",1,"S1","C","T","C","CTC",164.3,77.4,1,"D14"
"841","0","F",1,"S1","C","C","C","CCC",162.8,78.9,2,"D13"
"842","0","M",0,"S1","C","C","C","CCC",138.4,50.4,2,"D13"
"843","0","F",1,"S1","C","C","C","CCC",148.5,64.6,2,"D13"
"844","0","M",0,"S1","C","C","C","CCC",141.4,39.8,2,"D13"
"845","0","F",1,"S1","C","C","C","CCC",152.4,67.1,2,"D13"
"846","0","M",0,"S1","C","C","C","CCC",157.3,72,2,"D13"
"847","0","F",1,"S1","C","C","C","CCC",167.3,88.6,2,"D13"
"848","0","M",0,"S1","C","C","C","CCC",128.5,40.8,2,"D13"
"849","0","F",1,"S1","C","C","C","CCC",145.2,59.7,2,"D13"
"850","0","F",1,"S1","C","C","C","CCC",144.8,53.7,2,"D13"
"851","0","F",1,"S1","C","C","C","CCC",136.7,46.1,2,"D13"
"852","0","F",1,"S1","C","C","C","CCC",160.2,79.3,2,"D13"
"853","0","F",1,"S1","C","C","C","CCC",148.3,61.3,2,"D13"
"854","0","F",1,"S1","C","C","C","CCC",159.7,71,2,"D13"
"855","0","F",1,"S1","C","C","C","CCC",150.6,62.2,2,"D13"
"856","0","F",1,"S1","C","C","C","CCC",152.6,70.9,2,"D13"
"857","0","F",1,"S1","C","C","C","CCC",173.4,100.1,2,"D13"
"858","0","M",0,"S1","C","C","C","CCC",162.7,78.6,2,"D13"
"859","0","F",1,"S1","C","C","C","CCC",137.1,52.9,2,"D13"
"860","0","F",1,"S1","C","C","C","CCC",147.3,58.5,2,"D13"
"861","0","F",1,"S1","C","C","C","CCC",161.4,78.7,2,"D13"
"862","0","M",0,"S1","C","C","C","CCC",136,45.2,2,"D13"
"863","0","M",0,"S1","C","C","C","CCC",131.9,27.6,2,"D13"
"864","0","F",1,"S1","C","C","C","CCC",163.9,78,2,"D13"
"865","0","F",1,"S1","C","C","C","CCC",160.4,76.9,2,"D13"
"866","0","F",1,"S1","C","C","C","CCC",154.6,62.2,2,"D13"
"867","0","F",1,"S1","C","C","C","CCC",142.8,54,2,"D13"
"868","0","F",1,"S1","C","C","C","CCC",156.9,82.8,2,"D13"
"869","0","F",1,"S1","C","C","C","CCC",141.6,53,2,"D13"
"870","0","M",0,"S1","C","C","C","CCC",126.6,38.8,2,"D13"
"871","0","M",0,"S1","C","C","C","CCC",123.3,32.5,2,"D13"
"872","0","M",0,"S1","C","C","C","CCC",132.7,41.3,2,"D13"
"873","0","F",1,"S1","C","C","C","CCC",140.9,61.9,2,"D13"
"874","0","F",1,"S1","C","C","C","CCC",165.6,89.8,2,"D13"
"875","0","F",1,"S1","C","C","C","CCC",136.9,47.3,2,"D13"
"876","0","F",1,"S1","C","C","C","CCC",155,74.7,2,"D13"
"877","0","M",0,"S1","C","C","C","CCC",137.6,35.3,2,"D13"
"878","0","M",0,"S1","C","C","C","CCC",146.8,59.9,2,"D13"
"879","0","M",0,"S1","C","C","C","CCC",144.3,57.6,2,"D13"
"880","0","M",0,"S1","C","C","C","CCC",120.4,32.9,2,"D13"
"881","0","F",1,"S1","C","C","C","CCC",152,70.3,2,"D13"
"882","0","F",1,"S1","C","C","C","CCC",136.9,52.3,2,"D13"
"883","0","M",0,"S1","C","C","C","CCC",143.7,51.4,2,"D13"
"884","0","M",0,"S1","C","C","C","CCC",135.6,47.3,2,"D13"
"885","0","M",0,"S1","C","C","C","CCC",143.6,56.5,2,"D13"
"886","0","F",1,"S1","C","C","C","CCC",154.6,62.8,2,"D14"
"887","0","F",1,"S1","C","C","C","CCC",143.1,40.3,2,"D14"
"888","0","F",1,"S1","C","C","C","CCC",146.7,56.7,2,"D14"
"889","0","M",0,"S1","C","C","C","CCC",151.4,70.3,2,"D14"
"890","0","F",1,"S1","C","C","C","CCC",133.3,34.1,2,"D14"
"891","0","M",0,"S1","C","C","C","CCC",138,45.4,2,"D14"
"892","0","M",0,"S1","C","C","C","CCC",136.9,44.5,2,"D14"
"893","0","M",0,"S1","C","C","C","CCC",137.3,49.2,2,"D14"
"894","0","M",0,"S1","C","C","C","CCC",122.6,32.3,2,"D14"
"895","0","F",1,"S1","C","C","C","CCC",161.6,76.2,2,"D14"
"896","0","F",1,"S1","C","C","C","CCC",142,32.5,2,"D14"
"897","0","M",0,"S1","C","C","C","CCC",144.9,51.4,2,"D14"
"898","0","M",0,"S1","C","C","C","CCC",128.1,45.5,2,"D14"
"899","0","M",0,"S1","C","C","C","CCC",152.6,67.2,2,"D14"
"900","0","F",1,"S1","C","C","C","CCC",147.9,55.1,2,"D14"
"901","0","F",1,"S1","C","C","C","CCC",165.4,76.6,2,"D14"
"902","0","F",1,"S1","C","C","C","CCC",151.9,65.3,2,"D14"
"903","0","F",1,"S1","C","C","C","CCC",162,87,2,"D14"
"904","0","F",1,"S1","C","C","C","CCC",162.4,71.4,2,"D14"
"905","0","M",0,"S1","C","C","C","CCC",162.7,70.4,2,"D14"
"906","0","F",1,"S1","C","C","C","CCC",155.4,65.5,2,"D14"
"907","0","M",0,"S1","C","C","C","CCC",144.3,57.4,2,"D14"
"908","0","F",1,"S1","C","C","C","CCC",138.6,50.4,2,"D14"
"909","0","M",0,"S1","C","C","C","CCC",140.9,51.4,2,"D14"
"910","0","F",1,"S1","C","C","C","CCC",132.9,42.7,2,"D14"
"911","0","F",1,"S1","C","C","C","CCC",160,69.5,2,"D14"
"912","0","F",1,"S1","C","C","C","CCC",154.3,69.2,2,"D14"
"913","0","M",0,"S1","C","C","C","CCC",148.1,64.7,2,"D14"
"914","0","F",1,"S1","C","C","C","CCC",150.8,52.7,2,"D14"
"915","0","F",1,"S1","C","C","C","CCC",152,68.9,2,"D14"
"916","0","F",1,"S1","C","C","C","CCC",147.4,56.6,2,"D14"
"917","0","F",1,"S1","C","C","C","CCC",151.7,38.2,2,"D14"
"918","0","M",0,"S1","C","C","C","CCC",137.4,39.8,2,"D14"
"919","0","F",1,"S1","C","C","C","CCC",151.9,61.7,2,"D14"
"920","0","F",1,"S1","C","C","C","CCC",140.6,51.7,2,"D14"
"921","0","F",1,"S1","C","C","C","CCC",156.9,77.6,2,"D14"
"922","0","F",1,"S1","C","C","C","CCC",173.7,95,2,"D14"
"923","0","M",0,"S1","C","C","C","CCC",142.2,46.4,2,"D14"
"924","0","M",0,"S1","C","C","C","CCC",144.2,49.6,2,"D14"
"925","0","M",0,"S1","C","C","C","CCC",156.8,75.6,2,"D14"
"926","0","M",0,"S1","C","C","C","CCC",157,71.5,2,"D14"
"927","0","F",1,"S1","C","C","C","CCC",141.6,47.5,2,"D14"
"928","0","M",0,"S4","C","T","T","TTC",134.4,44.8,3,"D13"
"929","0","F",1,"S4","C","T","T","TTC",163.4,90.3,3,"D13"
"930","0","F",1,"S4","C","T","T","TTC",151.1,61.2,3,"D13"
"931","0","F",1,"S4","C","T","T","TTC",171.1,94.9,3,"D13"
"932","0","F",1,"S4","C","T","T","TTC",166.6,81.5,3,"D13"
"933","0","F",1,"S4","C","T","T","TTC",152.4,65.1,3,"D13"
"934","0","F",1,"S4","C","T","T","TTC",138.8,51.4,3,"D13"
"935","0","F",1,"S4","C","T","T","TTC",144,52.9,3,"D13"
"936","0","F",1,"S4","C","T","T","TTC",175.5,94.5,3,"D13"
"937","0","M",0,"S4","C","T","T","TTC",171.1,93.1,3,"D13"
"938","0","M",0,"S4","C","T","T","TTC",151.4,63.3,3,"D13"
"939","0","F",1,"S4","C","T","T","TTC",171.3,89.3,3,"D13"
"940","0","F",1,"S4","C","T","T","TTC",145.4,55.8,3,"D13"
"941","0","M",0,"S4","C","T","T","TTC",148.4,53.9,3,"D13"
"942","0","F",1,"S4","C","T","T","TTC",149.8,59.6,3,"D13"
"943","0","M",0,"S4","C","T","T","TTC",152,62.1,3,"D13"
"944","0","M",0,"S4","C","T","T","TTC",154.5,64,3,"D13"
"945","0","F",1,"S4","C","T","T","TTC",152.8,57.6,3,"D13"
"946","0","M",0,"S4","C","T","T","TTC",152.4,71.7,3,"D13"
"947","0","M",0,"S4","C","T","T","TTC",141.7,51.6,3,"D13"
"948","0","M",0,"S4","C","T","T","TTC",146.6,63.1,3,"D13"
"949","0","F",1,"S4","C","T","T","TTC",170.8,88,3,"D13"
"950","0","M",0,"S4","C","T","T","TTC",163.6,77.3,3,"D13"
"951","0","F",1,"S4","C","T","T","TTC",128.1,41.3,3,"D13"
"952","0","F",1,"S4","C","T","T","TTC",138.3,49.9,3,"D13"
"953","0","F",1,"S4","C","T","T","TTC",146.1,54.6,3,"D13"
"954","0","M",0,"S4","C","T","T","TTC",140.8,69.3,3,"D13"
"955","0","M",0,"S4","C","T","T","TTC",136.9,48.3,3,"D13"
"956","0","F",1,"S4","C","T","T","TTC",164.4,80.7,3,"D13"
"957","0","F",1,"S4","C","T","T","TTC",152.2,63.1,3,"D13"
"958","0","M",0,"S4","C","T","T","TTC",147.3,52.6,3,"D13"
"959","0","F",1,"S4","C","T","T","TTC",145.5,56.9,3,"D13"
"960","0","F",1,"S4","C","T","T","TTC",154.2,62.9,3,"D13"
"961","0","M",0,"S4","C","T","T","TTC",155.1,70.8,3,"D13"
"962","0","F",1,"S4","C","T","T","TTC",145.3,52.2,3,"D13"
"963","0","M",0,"S4","C","T","T","TTC",125.6,35.6,3,"D13"
"964","0","M",0,"S4","C","T","T","TTC",147.2,65.4,3,"D13"
"965","0","F",1,"S4","C","T","T","TTC",151.9,60.2,3,"D13"
"966","0","F",1,"S4","C","T","T","TTC",142.6,55.2,3,"D13"
"967","0","M",0,"S4","C","T","T","TTC",145.7,60,3,"D13"
"968","0","F",1,"S4","C","T","T","TTC",157.3,65.2,3,"D13"
"969","0","F",1,"S4","C","T","T","TTC",148.5,61,3,"D13"
"970","0","F",1,"S4","C","T","T","TTC",152.6,63.7,3,"D13"
"971","0","M",0,"S4","C","T","T","TTC",159.1,68.8,3,"D13"
"972","0","M",0,"S4","C","T","T","TTC",139,49.8,3,"D13"
"973","0","F",1,"S4","C","T","T","TTC",152.6,64.5,3,"D13"
"974","0","F",1,"S4","C","T","T","TTC",147.5,57.4,3,"D14"
"975","0","F",1,"S4","C","T","T","TTC",147,57.1,3,"D14"
"976","0","F",1,"S4","C","T","T","TTC",161.9,72.5,3,"D14"
"977","0","F",1,"S4","C","T","T","TTC",161.8,84.9,3,"D14"
"978","0","M",0,"S4","C","T","T","TTC",133.9,41.6,3,"D14"
"979","0","F",1,"S4","C","T","T","TTC",164.4,70.4,3,"D14"
"980","0","F",1,"S4","C","T","T","TTC",155.3,62.6,3,"D14"
"981","0","M",0,"S4","C","T","T","TTC",143.6,47.7,3,"D14"
"982","0","F",1,"S4","C","T","T","TTC",168.9,99.3,3,"D14"
"983","0","F",1,"S4","C","T","T","TTC",146.6,45.3,3,"D14"
"984","0","F",1,"S4","C","T","T","TTC",155.2,54.4,3,"D14"
"985","0","M",0,"S4","C","T","T","TTC",144.9,52.4,3,"D14"
"986","0","M",0,"S4","C","T","T","TTC",157.6,61.7,3,"D14"
"987","0","M",0,"S4","C","T","T","TTC",135.4,41.6,3,"D14"
"988","0","M",0,"S4","C","T","T","TTC",138.3,49.5,3,"D14"
"989","0","M",0,"S4","C","T","T","TTC",137.3,47.2,3,"D14"
"990","0","M",0,"S4","C","T","T","TTC",153.9,66.7,3,"D14"
"991","0","F",1,"S4","C","T","T","TTC",142.2,55.7,3,"D14"
"992","0","F",1,"S4","C","T","T","TTC",150.1,53.8,3,"D14"
"993","0","F",1,"S4","C","T","T","TTC",141.6,53,3,"D14"
"994","0","M",0,"S4","C","T","T","TTC",158.3,67.8,3,"D14"
"995","0","M",0,"S4","C","T","T","TTC",145.9,49,3,"D14"
"996","0","F",1,"S4","C","T","T","TTC",161,74.8,3,"D14"
"997","0","F",1,"S4","C","T","T","TTC",144.4,49.1,3,"D14"
"998","0","F",1,"S4","C","T","T","TTC",142.8,50.3,3,"D14"
"999","0","F",1,"S4","C","T","T","TTC",158.6,75.5,3,"D14"
"1000","0","M",0,"S4","C","T","T","TTC",150.6,57.5,3,"D14"
"1001","0","F",1,"S4","C","T","T","TTC",163.8,83.1,3,"D14"
"1002","0","M",0,"S4","C","T","T","TTC",135.1,44.7,3,"D14"
"1003","0","F",1,"S4","C","T","T","TTC",133.1,43.7,3,"D14"
"1004","0","F",1,"S4","C","T","T","TTC",150.6,67.6,3,"D14"
"1005","0","M",0,"S4","C","T","T","TTC",132.1,37.7,3,"D14"
"1006","0","F",1,"S4","C","T","T","TTC",145.2,58.7,3,"D14"
"1007","0","M",0,"S4","C","T","T","TTC",140.6,40,3,"D14"
"1008","0","M",0,"S4","C","T","T","TTC",144.6,45.9,3,"D14"
"1009","0","F",1,"S4","C","T","T","TTC",176.6,90.7,3,"D14"
"1010","0","M",0,"S4","C","T","T","TTC",148.5,58.7,3,"D14"
"1011","0","M",0,"S4","C","T","T","TTC",124.2,32.6,3,"D14"
"1012","0","M",0,"S4","C","T","T","TTC",161.2,67.4,3,"D14"
"1013","0","F",1,"S4","C","T","T","TTC",139.4,51.3,3,"D14"
"1014","0","F",1,"S4","C","T","T","TTC",140.4,47.2,3,"D14"
"1015","0","M",0,"S4","C","T","T","TTC",139.7,45.2,3,"D14"
"1016","0","F",1,"S4","C","T","T","TTC",164.4,82.7,3,"D14"
"1017","0","F",1,"S4","C","C","T","TCC",171.4,85.5,4,"D13"
"1018","0","M",0,"S4","C","C","T","TCC",145.3,56.1,4,"D13"
"1019","0","F",1,"S4","C","C","T","TCC",168,82.4,4,"D13"
"1020","0","F",1,"S4","C","C","T","TCC",164.9,75.9,4,"D13"
"1021","0","F",1,"S4","C","C","T","TCC",160.9,79.1,4,"D13"
"1022","0","F",1,"S4","C","C","T","TCC",168.5,84.6,4,"D13"
"1023","0","M",0,"S4","C","C","T","TCC",153.1,66.2,4,"D13"
"1024","0","F",1,"S4","C","C","T","TCC",155.7,81.4,4,"D13"
"1025","0","F",1,"S4","C","C","T","TCC",171.3,87,4,"D13"
"1026","0","F",1,"S4","C","C","T","TCC",161.4,78.3,4,"D13"
"1027","0","F",1,"S4","C","C","T","TCC",132.9,41.3,4,"D13"
"1028","0","M",0,"S4","C","C","T","TCC",163.4,82.7,4,"D13"
"1029","0","F",1,"S4","C","C","T","TCC",158.7,79.8,4,"D13"
"1030","0","F",1,"S4","C","C","T","TCC",162,83.3,4,"D13"
"1031","0","F",1,"S4","C","C","T","TCC",147.4,59.9,4,"D13"
"1032","0","F",1,"S4","C","C","T","TCC",142.8,57.4,4,"D13"
"1033","0","F",1,"S4","C","C","T","TCC",166.3,90.1,4,"D13"
"1034","0","F",1,"S4","C","C","T","TCC",167.1,89.5,4,"D13"
"1035","0","F",1,"S4","C","C","T","TCC",159.1,75.8,4,"D13"
"1036","0","M",0,"S4","C","C","T","TCC",158.1,69.8,4,"D13"
"1037","0","F",1,"S4","C","C","T","TCC",165.1,86.4,4,"D13"
"1038","0","F",1,"S4","C","C","T","TCC",161.7,81.8,4,"D13"
"1039","0","F",1,"S4","C","C","T","TCC",152.3,63.5,4,"D13"
"1040","0","M",0,"S4","C","C","T","TCC",145,56.6,4,"D13"
"1041","0","M",0,"S4","C","C","T","TCC",141,52.1,4,"D13"
"1042","0","F",1,"S4","C","C","T","TCC",166.9,82.5,4,"D13"
"1043","0","F",1,"S4","C","C","T","TCC",165.3,82.7,4,"D13"
"1044","0","F",1,"S4","C","C","T","TCC",149.6,60.7,4,"D13"
"1045","0","F",1,"S4","C","C","T","TCC",171.4,91.7,4,"D13"
"1046","0","M",0,"S4","C","C","T","TCC",146.8,51.2,4,"D13"
"1047","0","F",1,"S4","C","C","T","TCC",143.3,48.7,4,"D13"
"1048","0","F",1,"S4","C","C","T","TCC",176.3,93.8,4,"D13"
"1049","0","F",1,"S4","C","C","T","TCC",163.4,72.5,4,"D13"
"1050","0","M",0,"S4","C","C","T","TCC",131.3,37.3,4,"D13"
"1051","0","F",1,"S4","C","C","T","TCC",156.8,64.4,4,"D13"
"1052","0","F",1,"S4","C","C","T","TCC",151.9,68.1,4,"D13"
"1053","0","F",1,"S4","C","C","T","TCC",152,62.5,4,"D13"
"1054","0","F",1,"S4","C","C","T","TCC",163.4,81,4,"D13"
"1055","0","M",0,"S4","C","C","T","TCC",148.8,60.1,4,"D13"
"1056","0","F",1,"S4","C","C","T","TCC",124.7,34.1,4,"D13"
"1057","0","M",0,"S4","C","C","T","TCC",150.6,59.9,4,"D13"
"1058","0","F",1,"S4","C","C","T","TCC",161.4,72.5,4,"D13"
"1059","0","F",1,"S4","C","C","T","TCC",136.5,47.6,4,"D13"
"1060","0","M",0,"S4","C","C","T","TCC",155.8,70.4,4,"D13"
"1061","0","M",0,"S4","C","C","T","TCC",118.8,28.6,4,"D13"
"1062","0","F",1,"S4","C","C","T","TCC",135.4,45.8,4,"D13"
"1063","0","F",1,"S4","C","C","T","TCC",135.8,46.5,4,"D13"
"1064","0","M",0,"S4","C","C","T","TCC",142.4,55.4,4,"D13"
"1065","0","M",0,"S4","C","C","T","TCC",98.6,18.4,4,"D13"
"1066","0","M",0,"S4","C","C","T","TCC",139,45.4,4,"D14"
"1067","0","M",0,"S4","C","C","T","TCC",145.2,51.3,4,"D14"
"1068","0","F",1,"S4","C","C","T","TCC",142.9,49.1,4,"D14"
"1069","0","F",1,"S4","C","C","T","TCC",181.5,107.9,4,"D14"
"1070","0","F",1,"S4","C","C","T","TCC",169.2,82.9,4,"D14"
"1071","0","F",1,"S4","C","C","T","TCC",134.4,45.5,4,"D14"
"1072","0","F",1,"S4","C","C","T","TCC",176.9,99.8,4,"D14"
"1073","0","F",1,"S4","C","C","T","TCC",162.8,81.3,4,"D14"
"1074","0","F",1,"S4","C","C","T","TCC",180.9,104.8,4,"D14"
"1075","0","M",0,"S4","C","C","T","TCC",134.2,37.4,4,"D14"
"1076","0","F",1,"S4","C","C","T","TCC",156.1,65.8,4,"D14"
"1077","0","F",1,"S4","C","C","T","TCC",160.6,67.1,4,"D14"
"1078","0","F",1,"S4","C","C","T","TCC",177.7,93.6,4,"D14"
"1079","0","F",1,"S4","C","C","T","TCC",151.1,54.3,4,"D14"
"1080","0","F",1,"S4","C","C","T","TCC",153.2,70,4,"D14"
"1081","0","M",0,"S4","C","C","T","TCC",156.2,60.7,4,"D14"
"1082","0","F",1,"S4","C","C","T","TCC",137.5,43.3,4,"D14"
"1083","0","M",0,"S4","C","C","T","TCC",150.9,59.3,4,"D14"
"1084","0","F",1,"S4","C","C","T","TCC",152.6,61.8,4,"D14"
"1085","0","F",1,"S4","C","C","T","TCC",149.1,63.9,4,"D14"
"1086","0","F",1,"S4","C","C","T","TCC",166.4,78.6,4,"D14"
"1087","0","F",1,"S4","C","C","T","TCC",148.5,56.9,4,"D14"
"1088","0","F",1,"S4","C","C","T","TCC",172.5,86.6,4,"D14"
"1089","0","F",1,"S4","C","C","T","TCC",154.3,64.3,4,"D14"
"1090","0","F",1,"S4","C","C","T","TCC",160,63.3,4,"D14"
"1091","0","F",1,"S4","C","C","T","TCC",189.4,105.9,4,"D14"
"1092","0","F",1,"S4","C","C","T","TCC",152.3,66.4,4,"D14"
"1093","0","F",1,"S4","C","C","T","TCC",149.3,62,4,"D14"
"1094","0","F",1,"S4","C","C","T","TCC",177.9,87.7,4,"D14"
"1095","0","F",1,"S4","C","C","T","TCC",153.4,63.8,4,"D14"
"1096","0","M",0,"S4","C","C","T","TCC",163,82.2,4,"D14"
"1097","0","F",1,"S4","C","C","T","TCC",141,52.1,4,"D14"
"1098","0","F",1,"S4","C","C","T","TCC",144.9,45.5,4,"D14"
"1099","0","F",1,"S4","C","C","T","TCC",157,72.5,4,"D14"
"1100","0","F",1,"S4","C","C","T","TCC",148.6,62.5,4,"D14"
"1101","0","F",1,"S4","C","C","T","TCC",157.3,79.8,4,"D14"
"1102","0","F",1,"S4","C","C","T","TCC",178.7,92.5,4,"D14"
"1103","0","F",1,"S4","C","C","T","TCC",158.9,66.7,4,"D14"
"1104","0","F",1,"S4","C","C","T","TCC",160.6,71.1,4,"D14"
"1105","0","F",1,"S4","C","C","T","TCC",149.3,60.9,4,"D14"
"1106","0","M",0,"S4","C","C","T","TCC",158.8,66.1,4,"D14"
"1107","0","F",1,"S4","C","C","T","TCC",153,57.7,4,"D14"
"1108","0","F",1,"S4","C","C","T","TCC",163.7,88.2,4,"D14"
"1109","0","F",1,"S2","C","T","C","CTC",140.5,58.8,5,"D13"
"1110","0","F",1,"S2","C","T","C","CTC",142.9,54.4,5,"D13"
"1111","0","F",1,"S2","C","T","C","CTC",142.8,46.9,5,"D13"
"1112","0","F",1,"S2","C","T","C","CTC",147.3,57.3,5,"D13"
"1113","0","F",1,"S2","C","T","C","CTC",171.3,93.8,5,"D13"
"1114","0","F",1,"S2","C","T","C","CTC",152.5,64.3,5,"D13"
"1115","0","F",1,"S2","C","T","C","CTC",168.4,96.5,5,"D13"
"1116","0","F",1,"S2","C","T","C","CTC",155.7,60.9,5,"D13"
"1117","0","F",1,"S2","C","T","C","CTC",162.6,82.4,5,"D13"
"1118","0","F",1,"S2","C","T","C","CTC",146.3,64.8,5,"D13"
"1119","0","F",1,"S2","C","T","C","CTC",150.3,64.3,5,"D13"
"1120","0","F",1,"S2","C","T","C","CTC",156.9,70.8,5,"D13"
"1121","0","M",0,"S2","C","T","C","CTC",157.8,76.8,5,"D13"
"1122","0","M",0,"S2","C","T","C","CTC",164.8,70.4,5,"D13"
"1123","0","F",1,"S2","C","T","C","CTC",168.8,80.1,5,"D13"
"1124","0","F",1,"S2","C","T","C","CTC",173.9,94.3,5,"D13"
"1125","0","F",1,"S2","C","T","C","CTC",174.6,107.5,5,"D13"
"1126","0","F",1,"S2","C","T","C","CTC",166.2,77.5,5,"D13"
"1127","0","M",0,"S2","C","T","C","CTC",141.1,51.5,5,"D13"
"1128","0","F",1,"S2","C","T","C","CTC",143.3,55.9,5,"D13"
"1129","0","F",1,"S2","C","T","C","CTC",168.3,86.8,5,"D13"
"1130","0","F",1,"S2","C","T","C","CTC",141.2,55.3,5,"D13"
"1131","0","M",0,"S2","C","T","C","CTC",170.6,91.9,5,"D13"
"1132","0","F",1,"S2","C","T","C","CTC",154.7,65,5,"D13"
"1133","0","F",1,"S2","C","T","C","CTC",158.2,74.5,5,"D13"
"1134","0","F",1,"S2","C","T","C","CTC",142.9,55.5,5,"D13"
"1135","0","F",1,"S2","C","T","C","CTC",162.9,85.1,5,"D13"
"1136","0","F",1,"S2","C","T","C","CTC",151.1,61.1,5,"D13"
"1137","0","M",0,"S2","C","T","C","CTC",162.3,80.6,5,"D13"
"1138","0","F",1,"S2","C","T","C","CTC",167.3,82.9,5,"D13"
"1139","0","F",1,"S2","C","T","C","CTC",147,62.7,5,"D13"
"1140","0","F",1,"S2","C","T","C","CTC",160.5,80.8,5,"D13"
"1141","0","M",0,"S2","C","T","C","CTC",138.4,49.2,5,"D13"
"1142","0","F",1,"S2","C","T","C","CTC",141,53.2,5,"D13"
"1143","0","F",1,"S2","C","T","C","CTC",150.1,66.3,5,"D13"
"1144","0","F",1,"S2","C","T","C","CTC",150.3,66.5,5,"D13"
"1145","0","M",0,"S2","C","T","C","CTC",143.3,58,5,"D13"
"1146","0","M",0,"S2","C","T","C","CTC",152.4,76.1,5,"D13"
"1147","0","M",0,"S2","C","T","C","CTC",158.4,79.6,5,"D13"
"1148","0","F",1,"S2","C","T","C","CTC",154,63.3,5,"D13"
"1149","0","F",1,"S2","C","T","C","CTC",151.8,45.4,5,"D13"
"1150","0","F",1,"S2","C","T","C","CTC",148.8,57.3,5,"D13"
"1151","0","F",1,"S2","C","T","C","CTC",130.8,45.8,5,"D13"
"1152","0","F",1,"S2","C","T","C","CTC",150.6,69.4,5,"D13"
"1153","0","M",0,"S2","C","T","C","CTC",143.6,60.8,5,"D13"
"1154","0","F",1,"S2","C","T","C","CTC",152.8,72.9,5,"D13"
"1155","0","F",1,"S2","C","T","C","CTC",147.9,47.4,5,"D14"
"1156","0","M",0,"S2","C","T","C","CTC",160.3,66,5,"D14"
"1157","0","F",1,"S2","C","T","C","CTC",150.3,56.5,5,"D14"
"1158","0","F",1,"S2","C","T","C","CTC",165.6,77,5,"D14"
"1159","0","F",1,"S2","C","T","C","CTC",155.6,57,5,"D14"
"1160","0","F",1,"S2","C","T","C","CTC",140.6,49.4,5,"D14"
"1161","0","F",1,"S2","C","T","C","CTC",146.1,53.2,5,"D14"
"1162","0","F",1,"S2","C","T","C","CTC",157.1,60,5,"D14"
"1163","0","F",1,"S2","C","T","C","CTC",154.1,65.8,5,"D14"
"1164","0","F",1,"S2","C","T","C","CTC",160.8,82.7,5,"D14"
"1165","0","M",0,"S2","C","T","C","CTC",144.4,49.9,5,"D14"
"1166","0","F",1,"S2","C","T","C","CTC",159.6,64.8,5,"D14"
"1167","0","F",1,"S2","C","T","C","CTC",175.9,85.9,5,"D14"
"1168","0","F",1,"S2","C","T","C","CTC",157.1,61.9,5,"D14"
"1169","0","F",1,"S2","C","T","C","CTC",157.8,66.7,5,"D14"
"1170","0","M",0,"S2","C","T","C","CTC",147.1,57.6,5,"D14"
"1171","0","F",1,"S2","C","T","C","CTC",154.1,56,5,"D14"
"1172","0","F",1,"S2","C","T","C","CTC",151.1,59.3,5,"D14"
"1173","0","F",1,"S2","C","T","C","CTC",165.8,75.8,5,"D14"
"1174","0","M",0,"S2","C","T","C","CTC",113.5,26,5,"D14"
"1175","0","F",1,"S2","C","T","C","CTC",168.3,86.7,5,"D14"
"1176","0","F",1,"S2","C","T","C","CTC",153.2,56,5,"D14"
"1177","0","F",1,"S2","C","T","C","CTC",163.9,78.5,5,"D14"
"1178","0","F",1,"S2","C","T","C","CTC",168.2,83.3,5,"D14"
"1179","0","M",0,"S2","C","T","C","CTC",126.5,32.7,5,"D14"
"1180","0","F",1,"S2","C","T","C","CTC",156.3,70.6,5,"D14"
"1181","0","F",1,"S2","C","T","C","CTC",162.4,68.5,5,"D14"
"1182","0","F",1,"S2","C","T","C","CTC",152.9,58.5,5,"D14"
"1183","0","F",1,"S2","C","T","C","CTC",126.7,34.8,5,"D14"
"1184","0","F",1,"S2","C","T","C","CTC",146.8,60.3,5,"D14"
"1185","0","F",1,"S2","C","T","C","CTC",157.6,65.1,5,"D14"
"1186","0","F",1,"S2","C","T","C","CTC",157.6,68.9,5,"D14"
"1187","0","M",0,"S2","C","T","C","CTC",143.4,50,5,"D14"
"1188","0","F",1,"S2","C","T","C","CTC",160.4,76.8,5,"D14"
"1189","0","F",1,"S2","C","T","C","CTC",169.2,88.6,5,"D14"
"1190","0","F",1,"S2","C","T","C","CTC",167.2,76.7,5,"D14"
"1191","0","F",1,"S2","C","T","C","CTC",139.3,50.6,5,"D14"
"1192","0","F",1,"S2","C","T","C","CTC",161.4,73,5,"D14"
"1193","0","F",1,"S2","C","T","C","CTC",173.8,94.8,5,"D14"
"1194","0","F",1,"S2","C","T","C","CTC",171.9,90.5,5,"D14"
"1195","0","F",1,"S2","C","T","C","CTC",143.9,46.2,5,"D14"
"1196","0","F",1,"S2","C","T","C","CTC",160.2,75.2,5,"D14"
"1197","0","F",1,"S2","C","T","C","CTC",150.9,54.1,5,"D14"
"1198","0","F",1,"S2","C","T","C","CTC",151.7,59.5,5,"D14"
"1199","0","M",0,"S2","C","C","C","CCC",146.5,60.8,6,"D13"
"1200","0","M",0,"S2","C","C","C","CCC",157.7,70.9,6,"D13"
"1201","0","F",1,"S2","C","C","C","CCC",164.9,86.3,6,"D13"
"1202","0","F",1,"S2","C","C","C","CCC",141.9,50.4,6,"D13"
"1203","0","F",1,"S2","C","C","C","CCC",141.3,51.3,6,"D13"
"1204","0","M",0,"S2","C","C","C","CCC",136.6,39.4,6,"D13"
"1205","0","M",0,"S2","C","C","C","CCC",138.8,49,6,"D13"
"1206","0","F",1,"S2","C","C","C","CCC",166,86.3,6,"D13"
"1207","0","F",1,"S2","C","C","C","CCC",162.9,79,6,"D13"
"1208","0","M",0,"S2","C","C","C","CCC",163.8,80.4,6,"D13"
"1209","0","M",0,"S2","C","C","C","CCC",163.2,75.2,6,"D13"
"1210","0","F",1,"S2","C","C","C","CCC",149.9,59.7,6,"D13"
"1211","0","M",0,"S2","C","C","C","CCC",136.3,51.3,6,"D13"
"1212","0","M",0,"S2","C","C","C","CCC",144.8,54.2,6,"D13"
"1213","0","F",1,"S2","C","C","C","CCC",169.4,87.6,6,"D13"
"1214","0","M",0,"S2","C","C","C","CCC",173.8,93.3,6,"D13"
"1215","0","M",0,"S2","C","C","C","CCC",131.3,42,6,"D13"
"1216","0","M",0,"S2","C","C","C","CCC",163.8,60.3,6,"D13"
"1217","0","M",0,"S2","C","C","C","CCC",149.3,63.8,6,"D13"
"1218","0","F",1,"S2","C","C","C","CCC",162.6,72.1,6,"D13"
"1219","0","F",1,"S2","C","C","C","CCC",161.8,72.8,6,"D13"
"1220","0","M",0,"S2","C","C","C","CCC",147.3,60.4,6,"D13"
"1221","0","M",0,"S2","C","C","C","CCC",169.9,85.3,6,"D13"
"1222","0","M",0,"S2","C","C","C","CCC",166.2,84.5,6,"D13"
"1223","0","M",0,"S2","C","C","C","CCC",139.9,51.6,6,"D13"
"1224","0","M",0,"S2","C","C","C","CCC",159.9,78.6,6,"D13"
"1225","0","F",1,"S2","C","C","C","CCC",147,52.2,6,"D13"
"1226","0","M",0,"S2","C","C","C","CCC",138.8,57.9,6,"D13"
"1227","0","F",1,"S2","C","C","C","CCC",143.3,51.6,6,"D13"
"1228","0","M",0,"S2","C","C","C","CCC",145.5,49,6,"D13"
"1229","0","M",0,"S2","C","C","C","CCC",141.7,49.7,6,"D13"
"1230","0","F",1,"S2","C","C","C","CCC",142.3,54.1,6,"D13"
"1231","0","M",0,"S2","C","C","C","CCC",134.7,39.1,6,"D13"
"1232","0","M",0,"S2","C","C","C","CCC",160.5,78.2,6,"D13"
"1233","0","F",1,"S2","C","C","C","CCC",154.2,70.9,6,"D13"
"1234","0","M",0,"S2","C","C","C","CCC",147.9,55.9,6,"D13"
"1235","0","M",0,"S2","C","C","C","CCC",150.1,57.1,6,"D13"
"1236","0","M",0,"S2","C","C","C","CCC",155.9,65.1,6,"D13"
"1237","0","M",0,"S2","C","C","C","CCC",147.8,56.4,6,"D13"
"1238","0","F",1,"S2","C","C","C","CCC",134.7,45.9,6,"D13"
"1239","0","M",0,"S2","C","C","C","CCC",139.3,45.3,6,"D13"
"1240","0","M",0,"S2","C","C","C","CCC",139.3,49.1,6,"D13"
"1241","0","M",0,"S2","C","C","C","CCC",158.2,68.2,6,"D13"
"1242","0","M",0,"S2","C","C","C","CCC",144.3,61.2,6,"D13"
"1243","0","M",0,"S2","C","C","C","CCC",138.1,33.9,6,"D13"
"1244","0","M",0,"S2","C","C","C","CCC",151.9,68.3,6,"D13"
"1245","0","M",0,"S2","C","C","C","CCC",146.1,59.3,6,"D13"
"1246","0","F",1,"S2","C","C","C","CCC",166.4,77.2,6,"D14"
"1247","0","M",0,"S2","C","C","C","CCC",156,69.2,6,"D14"
"1248","0","F",1,"S2","C","C","C","CCC",167.7,71,6,"D14"
"1249","0","F",1,"S2","C","C","C","CCC",150.9,58.2,6,"D14"
"1250","0","M",0,"S2","C","C","C","CCC",157.3,69.5,6,"D14"
"1251","0","F",1,"S2","C","C","C","CCC",156.3,60.6,6,"D14"
"1252","0","M",0,"S2","C","C","C","CCC",145.3,54,6,"D14"
"1253","0","M",0,"S2","C","C","C","CCC",158.8,68.9,6,"D14"
"1254","0","M",0,"S2","C","C","C","CCC",147.8,66.1,6,"D14"
"1255","0","M",0,"S2","C","C","C","CCC",152.1,61.7,6,"D14"
"1256","0","M",0,"S2","C","C","C","CCC",154.9,65.5,6,"D14"
"1257","0","M",0,"S2","C","C","C","CCC",160.2,70,6,"D14"
"1258","0","M",0,"S2","C","C","C","CCC",126.5,45.4,6,"D14"
"1259","0","F",1,"S2","C","C","C","CCC",147.5,54.8,6,"D14"
"1260","0","M",0,"S2","C","C","C","CCC",164.1,77.3,6,"D14"
"1261","0","M",0,"S2","C","C","C","CCC",152.6,59.7,6,"D14"
"1262","0","M",0,"S2","C","C","C","CCC",155.7,61.1,6,"D14"
"1263","0","M",0,"S2","C","C","C","CCC",153.1,58.9,6,"D14"
"1264","0","F",1,"S2","C","C","C","CCC",159.6,64.2,6,"D14"
"1265","0","M",0,"S2","C","C","C","CCC",136.4,43.4,6,"D14"
"1266","0","M",0,"S2","C","C","C","CCC",150.6,59.4,6,"D14"
"1267","0","M",0,"S2","C","C","C","CCC",150.6,54.5,6,"D14"
"1268","0","M",0,"S2","C","C","C","CCC",139.9,43.2,6,"D14"
"1269","0","M",0,"S2","C","C","C","CCC",142.8,52.3,6,"D14"
"1270","0","F",1,"S2","C","C","C","CCC",157.7,63.8,6,"D14"
"1271","0","M",0,"S2","C","C","C","CCC",140.4,43.3,6,"D14"
"1272","0","M",0,"S2","C","C","C","CCC",138.9,44,6,"D14"
"1273","0","F",1,"S2","C","C","C","CCC",153.6,64.8,6,"D14"
"1274","0","M",0,"S2","C","C","C","CCC",125.1,40.2,6,"D14"
"1275","0","M",0,"S2","C","C","C","CCC",136.9,41.9,6,"D14"
"1276","0","M",0,"S2","C","C","C","CCC",151.6,66.1,6,"D14"
"1277","0","M",0,"S2","C","C","C","CCC",125,35.1,6,"D14"
"1278","0","F",1,"S2","C","C","C","CCC",148.9,57.2,6,"D14"
"1279","0","F",1,"S2","C","C","C","CCC",158,62.9,6,"D14"
"1280","0","F",1,"S2","C","C","C","CCC",181.1,98.2,6,"D14"
"1281","0","F",1,"S2","C","C","C","CCC",156.9,71.3,6,"D14"
"1282","0","M",0,"S2","C","C","C","CCC",152.5,59.9,6,"D14"
"1283","0","M",0,"S2","C","C","C","CCC",144.1,47.8,6,"D14"
"1284","0","F",1,"S2","C","C","C","CCC",137.4,49.1,6,"D14"
"1285","0","M",0,"S2","C","C","C","CCC",172.4,90.6,6,"D14"
"1286","0","M",0,"S2","C","C","C","CCC",155.4,57.9,6,"D14"
"1287","0","M",0,"S2","C","C","C","CCC",154.8,59,6,"D14"
"1288","0","M",0,"S2","C","C","C","CCC",152.1,66.3,6,"D14"
"1289","0","F",1,"S3","C","T","T","TTC",175.6,103.3,7,"D13"
"1290","0","F",1,"S3","C","T","T","TTC",139.6,53.5,7,"D13"
"1291","0","F",1,"S3","C","T","T","TTC",170.8,89.4,7,"D13"
"1292","0","M",0,"S3","C","T","T","TTC",152.8,67.3,7,"D13"
"1293","0","F",1,"S3","C","T","T","TTC",161.2,81.7,7,"D13"
"1294","0","M",0,"S3","C","T","T","TTC",130.4,38.9,7,"D13"
"1295","0","F",1,"S3","C","T","T","TTC",160.1,76.3,7,"D13"
"1296","0","M",0,"S3","C","T","T","TTC",163.6,80.3,7,"D13"
"1297","0","F",1,"S3","C","T","T","TTC",167.6,76.8,7,"D13"
"1298","0","F",1,"S3","C","T","T","TTC",160.8,86.9,7,"D13"
"1299","0","M",0,"S3","C","T","T","TTC",139.7,50.3,7,"D13"
"1300","0","M",0,"S3","C","T","T","TTC",151.7,67,7,"D13"
"1301","0","F",1,"S3","C","T","T","TTC",159.7,73.3,7,"D13"
"1302","0","M",0,"S3","C","T","T","TTC",139.5,53.4,7,"D13"
"1303","0","F",1,"S3","C","T","T","TTC",138.6,60.3,7,"D13"
"1304","0","F",1,"S3","C","T","T","TTC",157.3,69.6,7,"D13"
"1305","0","F",1,"S3","C","T","T","TTC",167.1,84.1,7,"D13"
"1306","0","M",0,"S3","C","T","T","TTC",155.6,72.7,7,"D13"
"1307","0","M",0,"S3","C","T","T","TTC",150.8,59.1,7,"D13"
"1308","0","F",1,"S3","C","T","T","TTC",151.8,63.5,7,"D13"
"1309","0","M",0,"S3","C","T","T","TTC",159.9,77.8,7,"D13"
"1310","0","F",1,"S3","C","T","T","TTC",154.4,70.4,7,"D13"
"1311","0","M",0,"S3","C","T","T","TTC",143.4,46.3,7,"D13"
"1312","0","F",1,"S3","C","T","T","TTC",164,80.8,7,"D13"
"1313","0","F",1,"S3","C","T","T","TTC",153.5,64.4,7,"D13"
"1314","0","M",0,"S3","C","T","T","TTC",118.4,32.8,7,"D13"
"1315","0","F",1,"S3","C","T","T","TTC",135.8,49.9,7,"D13"
"1316","0","F",1,"S3","C","T","T","TTC",164.6,85.4,7,"D13"
"1317","0","M",0,"S3","C","T","T","TTC",141.9,62.4,7,"D13"
"1318","0","F",1,"S3","C","T","T","TTC",166.9,85.2,7,"D13"
"1319","0","F",1,"S3","C","T","T","TTC",140.2,51.2,7,"D13"
"1320","0","F",1,"S3","C","T","T","TTC",150,68.1,7,"D13"
"1321","0","F",1,"S3","C","T","T","TTC",158.8,75.3,7,"D13"
"1322","0","M",0,"S3","C","T","T","TTC",138.9,45.4,7,"D13"
"1323","0","M",0,"S3","C","T","T","TTC",132.2,42.9,7,"D13"
"1324","0","F",1,"S3","C","T","T","TTC",152.9,69.1,7,"D13"
"1325","0","F",1,"S3","C","T","T","TTC",142.4,53.2,7,"D13"
"1326","0","F",1,"S3","C","T","T","TTC",149.5,57.3,7,"D13"
"1327","0","F",1,"S3","C","T","T","TTC",170.9,90.9,7,"D13"
"1328","0","F",1,"S3","C","T","T","TTC",157.3,69.7,7,"D13"
"1329","0","F",1,"S3","C","T","T","TTC",164.9,77.3,7,"D13"
"1330","0","F",1,"S3","C","T","T","TTC",167.3,88.6,7,"D13"
"1331","0","F",1,"S3","C","T","T","TTC",163.3,71.2,7,"D13"
"1332","0","F",1,"S3","C","T","T","TTC",169,89.7,7,"D13"
"1333","0","M",0,"S3","C","T","T","TTC",139.3,50.8,7,"D13"
"1334","0","F",1,"S3","C","T","T","TTC",159.4,84.2,7,"D13"
"1335","0","M",0,"S3","C","T","T","TTC",133.9,37.2,7,"D13"
"1336","0","M",0,"S3","C","T","T","TTC",138.9,49,7,"D13"
"1337","0","M",0,"S3","C","T","T","TTC",146.7,55.5,7,"D14"
"1338","0","F",1,"S3","C","T","T","TTC",168.8,85.1,7,"D14"
"1339","0","F",1,"S3","C","T","T","TTC",150.4,63,7,"D14"
"1340","0","F",1,"S3","C","T","T","TTC",143.3,53.7,7,"D14"
"1341","0","M",0,"S3","C","T","T","TTC",134.6,42.2,7,"D14"
"1342","0","F",1,"S3","C","T","T","TTC",160.1,78.1,7,"D14"
"1343","0","M",0,"S3","C","T","T","TTC",172.4,102.8,7,"D14"
"1344","0","M",0,"S3","C","T","T","TTC",133.9,40.8,7,"D14"
"1345","0","M",0,"S3","C","T","T","TTC",146.7,57.2,7,"D14"
"1346","0","F",1,"S3","C","T","T","TTC",136.7,37.7,7,"D14"
"1347","0","F",1,"S3","C","T","T","TTC",159.8,68.7,7,"D14"
"1348","0","F",1,"S3","C","T","T","TTC",151.8,64.2,7,"D14"
"1349","0","F",1,"S3","C","T","T","TTC",157,63.5,7,"D14"
"1350","0","F",1,"S3","C","T","T","TTC",156.6,72.7,7,"D14"
"1351","0","F",1,"S3","C","T","T","TTC",171.3,87.1,7,"D14"
"1352","0","M",0,"S3","C","T","T","TTC",154.1,64.2,7,"D14"
"1353","0","F",1,"S3","C","T","T","TTC",144.1,32.5,7,"D14"
"1354","0","F",1,"S3","C","T","T","TTC",142.9,50.4,7,"D14"
"1355","0","F",1,"S3","C","T","T","TTC",184.7,109.3,7,"D14"
"1356","0","M",0,"S3","C","T","T","TTC",148.5,59.4,7,"D14"
"1357","0","F",1,"S3","C","T","T","TTC",137.5,33.5,7,"D14"
"1358","0","M",0,"S3","C","T","T","TTC",146.9,57.6,7,"D14"
"1359","0","F",1,"S3","C","T","T","TTC",143.3,53.4,7,"D14"
"1360","0","F",1,"S3","C","T","T","TTC",152.8,70.4,7,"D14"
"1361","0","F",1,"S3","C","T","T","TTC",156.7,71.3,7,"D14"
"1362","0","F",1,"S3","C","T","T","TTC",161.6,68.5,7,"D14"
"1363","0","M",0,"S3","C","T","T","TTC",141.3,50.8,7,"D14"
"1364","0","M",0,"S3","C","T","T","TTC",153.7,60.7,7,"D14"
"1365","0","M",0,"S3","C","T","T","TTC",142.7,46.9,7,"D14"
"1366","0","M",0,"S3","C","T","T","TTC",143.8,61.8,7,"D14"
"1367","0","F",1,"S3","C","T","T","TTC",140.7,45,7,"D14"
"1368","0","M",0,"S3","C","T","T","TTC",149.3,65,7,"D14"
"1369","0","M",0,"S3","C","T","T","TTC",136.9,44.2,7,"D14"
"1370","0","M",0,"S3","C","T","T","TTC",143.3,57.3,7,"D14"
"1371","0","M",0,"S3","C","T","T","TTC",147.8,59,7,"D14"
"1372","0","M",0,"S3","C","T","T","TTC",142.8,50,7,"D14"
"1373","0","M",0,"S3","C","T","T","TTC",148,55.8,7,"D14"
"1374","0","M",0,"S3","C","T","T","TTC",139.1,47,7,"D14"
"1375","0","F",1,"S3","C","T","T","TTC",161.7,69.5,7,"D14"
"1376","0","M",0,"S3","C","T","T","TTC",136.3,46.9,7,"D14"
"1377","0","M",0,"S3","C","T","T","TTC",157.4,48,7,"D14"
"1378","0","M",0,"S3","C","C","T","TCC",146.4,56.2,8,"D13"
"1379","0","M",0,"S3","C","C","T","TCC",147.1,57.6,8,"D13"
"1380","0","F",1,"S3","C","C","T","TCC",159.8,81.3,8,"D13"
"1381","0","F",1,"S3","C","C","T","TCC",149.8,61.9,8,"D13"
"1382","0","F",1,"S3","C","C","T","TCC",165.6,83.6,8,"D13"
"1383","0","M",0,"S3","C","C","T","TCC",148.2,65.1,8,"D13"
"1384","0","F",1,"S3","C","C","T","TCC",143.8,56.5,8,"D13"
"1385","0","F",1,"S3","C","C","T","TCC",152.3,61.8,8,"D13"
"1386","0","F",1,"S3","C","C","T","TCC",178.6,110.1,8,"D13"
"1387","0","M",0,"S3","C","C","T","TCC",138.6,50.6,8,"D13"
"1388","0","M",0,"S3","C","C","T","TCC",145.1,61.5,8,"D13"
"1389","0","F",1,"S3","C","C","T","TCC",143.2,64.5,8,"D13"
"1390","0","F",1,"S3","C","C","T","TCC",159.2,75.9,8,"D13"
"1391","0","F",1,"S3","C","C","T","TCC",135.4,45.8,8,"D13"
"1392","0","M",0,"S3","C","C","T","TCC",164.8,83,8,"D13"
"1393","0","M",0,"S3","C","C","T","TCC",138.6,54.1,8,"D13"
"1394","0","M",0,"S3","C","C","T","TCC",150.5,60.3,8,"D13"
"1395","0","M",0,"S3","C","C","T","TCC",158.3,76.5,8,"D13"
"1396","0","F",1,"S3","C","C","T","TCC",151.3,63.9,8,"D13"
"1397","0","M",0,"S3","C","C","T","TCC",150.1,61.6,8,"D13"
"1398","0","F",1,"S3","C","C","T","TCC",151.1,64.4,8,"D13"
"1399","0","M",0,"S3","C","C","T","TCC",158.6,85.9,8,"D13"
"1400","0","F",1,"S3","C","C","T","TCC",146.4,57.7,8,"D13"
"1401","0","M",0,"S3","C","C","T","TCC",142.8,30.5,8,"D13"
"1402","0","M",0,"S3","C","C","T","TCC",156.4,74.2,8,"D13"
"1403","0","M",0,"S3","C","C","T","TCC",147.2,61.1,8,"D13"
"1404","0","F",1,"S3","C","C","T","TCC",149.3,61.3,8,"D13"
"1405","0","F",1,"S3","C","C","T","TCC",146.1,60.4,8,"D13"
"1406","0","M",0,"S3","C","C","T","TCC",129.9,55.9,8,"D13"
"1407","0","F",1,"S3","C","C","T","TCC",145.7,54.8,8,"D13"
"1408","0","M",0,"S3","C","C","T","TCC",142.8,53.2,8,"D13"
"1409","0","F",1,"S3","C","C","T","TCC",153.2,63.5,8,"D13"
"1410","0","F",1,"S3","C","C","T","TCC",159.6,82.6,8,"D13"
"1411","0","M",0,"S3","C","C","T","TCC",137.3,50.1,8,"D13"
"1412","0","F",1,"S3","C","C","T","TCC",145.9,57.3,8,"D13"
"1413","0","M",0,"S3","C","C","T","TCC",147.9,62.4,8,"D13"
"1414","0","M",0,"S3","C","C","T","TCC",137.4,50.9,8,"D13"
"1415","0","M",0,"S3","C","C","T","TCC",158.1,78.3,8,"D13"
"1416","0","F",1,"S3","C","C","T","TCC",136.8,45.4,8,"D13"
"1417","0","M",0,"S3","C","C","T","TCC",158.1,75.1,8,"D13"
"1418","0","M",0,"S3","C","C","T","TCC",128.9,26.7,8,"D13"
"1419","0","F",1,"S3","C","C","T","TCC",159.8,79.3,8,"D13"
"1420","0","M",0,"S3","C","C","T","TCC",139.2,49.1,8,"D13"
"1421","0","F",1,"S3","C","C","T","TCC",154.7,64.4,8,"D13"
"1422","0","M",0,"S3","C","C","T","TCC",147.6,55.5,8,"D13"
"1423","0","M",0,"S3","C","C","T","TCC",144.3,54.8,8,"D13"
"1424","0","F",1,"S3","C","C","T","TCC",150.9,69.3,8,"D13"
"1425","0","F",1,"S3","C","C","T","TCC",139.4,52.8,8,"D13"
"1426","0","F",1,"S3","C","C","T","TCC",180.9,89.8,8,"D14"
"1427","0","M",0,"S3","C","C","T","TCC",133.2,38.5,8,"D14"
"1428","0","F",1,"S3","C","C","T","TCC",144.3,58.2,8,"D14"
"1429","0","M",0,"S3","C","C","T","TCC",137,45,8,"D14"
"1430","0","F",1,"S3","C","C","T","TCC",143.3,58.1,8,"D14"
"1431","0","M",0,"S3","C","C","T","TCC",140.3,55.6,8,"D14"
"1432","0","F",1,"S3","C","C","T","TCC",160.9,68,8,"D14"
"1433","0","F",1,"S3","C","C","T","TCC",148.7,54.9,8,"D14"
"1434","0","M",0,"S3","C","C","T","TCC",146.1,64,8,"D14"
"1435","0","F",1,"S3","C","C","T","TCC",173.1,79.7,8,"D14"
"1436","0","F",1,"S3","C","C","T","TCC",173.5,87.4,8,"D14"
"1437","0","M",0,"S3","C","C","T","TCC",138.1,53.8,8,"D14"
"1438","0","F",1,"S3","C","C","T","TCC",156.2,63.6,8,"D14"
"1439","0","F",1,"S3","C","C","T","TCC",161,79.1,8,"D14"
"1440","0","F",1,"S3","C","C","T","TCC",152.3,65.7,8,"D14"
"1441","0","F",1,"S3","C","C","T","TCC",144.7,45.9,8,"D14"
"1442","0","F",1,"S3","C","C","T","TCC",145.6,58.9,8,"D14"
"1443","0","F",1,"S3","C","C","T","TCC",155.1,61.4,8,"D14"
"1444","0","F",1,"S3","C","C","T","TCC",153.5,56.8,8,"D14"
"1445","0","M",0,"S3","C","C","T","TCC",143.3,56.2,8,"D14"
"1446","0","F",1,"S3","C","C","T","TCC",167.4,87,8,"D14"
"1447","0","F",1,"S3","C","C","T","TCC",153,60.3,8,"D14"
"1448","0","F",1,"S3","C","C","T","TCC",171.6,89.6,8,"D14"
"1449","0","F",1,"S3","C","C","T","TCC",146.4,55.8,8,"D14"
"1450","0","M",0,"S3","C","C","T","TCC",146.4,57,8,"D14"
"1451","0","M",0,"S3","C","C","T","TCC",140.6,47.2,8,"D14"
"1452","0","F",1,"S3","C","C","T","TCC",171.2,85.8,8,"D14"
"1453","0","M",0,"S3","C","C","T","TCC",146.2,54.5,8,"D14"
"1454","0","M",0,"S3","C","C","T","TCC",134.4,52,8,"D14"
"1455","0","M",0,"S3","C","C","T","TCC",146.8,57,8,"D14"
"1456","0","F",1,"S3","C","C","T","TCC",146.1,64.9,8,"D14"
"1457","0","M",0,"S3","C","C","T","TCC",144.9,53.6,8,"D14"
"1458","0","M",0,"S3","C","C","T","TCC",129.2,39.6,8,"D14"
"1459","0","F",1,"S3","C","C","T","TCC",155,62.1,8,"D14"
"1460","0","F",1,"S3","C","C","T","TCC",166.6,67.2,8,"D14"
"1461","0","F",1,"S3","C","C","T","TCC",180.9,103.3,8,"D14"
"1462","0","F",1,"S3","C","C","T","TCC",147.1,56.6,8,"D14"
"1463","0","M",0,"S3","C","C","T","TCC",150.5,57.9,8,"D14"
"1464","0","M",0,"S3","C","C","T","TCC",146.9,54.5,8,"D14"
"1465","0","M",0,"S3","C","C","T","TCC",137.3,49.5,8,"D14"
