"","sample_id","sample","sex","temp_f2","temp_f1","temp_f0","treatment","weight_g","length_standard_mm","slice","og","pg"
"1","F1G1HISTO","F1","F","C","C","C","CCC",64.2,150.3,"Campo 1",2,9
"2","F1G1HISTO","F1","F","C","C","C","CCC",64.2,150.3,"Campo 2",2,16
"3","F1G1HISTO","F1","F","C","C","C","CCC",64.2,150.3,"Campo 3",3,19
"4","F1G1HISTO","F1","F","C","C","C","CCC",64.2,150.3,"Campo 4",0,18
"5","F1G1HISTO","F1","F","C","C","C","CCC",64.2,150.3,"Campo 5",5,10
"6","F1G1HISTO","F1","F","C","C","C","CCC",64.2,150.3,"Campo 6",6,12
"7","F1G1HISTO","F1","F","C","C","C","CCC",64.2,150.3,"Campo 7",0,14
"8","F1G1HISTO","F1","F","C","C","C","CCC",64.2,150.3,"Campo 8",0,9
"9","F1G1HISTO","F1","F","C","C","C","CCC",64.2,150.3,"Campo 9",0,18
"10","F1G1HISTO","F1","F","C","C","C","CCC",64.2,150.3,"Campo 10",4,17
"11","F1G2HISTO","F2","F","T","C","C","CCT",63.9,156.4,"Campo 1",0,12
"12","F1G2HISTO","F2","F","T","C","C","CCT",63.9,156.4,"Campo 2",0,16
"13","F1G2HISTO","F2","F","T","C","C","CCT",63.9,156.4,"Campo 3",6,19
"14","F1G2HISTO","F2","F","T","C","C","CCT",63.9,156.4,"Campo 4",1,17
"15","F1G2HISTO","F2","F","T","C","C","CCT",63.9,156.4,"Campo 5",3,13
"16","F1G2HISTO","F2","F","T","C","C","CCT",63.9,156.4,"Campo 6",13,13
"17","F1G2HISTO","F2","F","T","C","C","CCT",63.9,156.4,"Campo 7",6,13
"18","F1G2HISTO","F2","F","T","C","C","CCT",63.9,156.4,"Campo 8",3,6
"19","F1G2HISTO","F2","F","T","C","C","CCT",63.9,156.4,"Campo 9",4,8
"20","F1G2HISTO","F2","F","T","C","C","CCT",63.9,156.4,"Campo 10",2,8
"21","F2G2HISTO","F3","F","T","C","C","CCT",54.5,131.3,"Campo 1",0,7
"22","F2G2HISTO","F3","F","T","C","C","CCT",54.5,131.3,"Campo 2",0,7
"23","F2G2HISTO","F3","F","T","C","C","CCT",54.5,131.3,"Campo 3",0,9
"24","F2G2HISTO","F3","F","T","C","C","CCT",54.5,131.3,"Campo 4",3,10
"25","F2G2HISTO","F3","F","T","C","C","CCT",54.5,131.3,"Campo 5",4,13
"26","F2G2HISTO","F3","F","T","C","C","CCT",54.5,131.3,"Campo 6",3,6
"27","F2G2HISTO","F3","F","T","C","C","CCT",54.5,131.3,"Campo 7",5,12
"28","F2G2HISTO","F3","F","T","C","C","CCT",54.5,131.3,"Campo 8",1,10
"29","F2G2HISTO","F3","F","T","C","C","CCT",54.5,131.3,"Campo 9",7,6
"30","F2G2HISTO","F3","F","T","C","C","CCT",54.5,131.3,"Campo 10",0,6
"31","F4G2HISTO","F5","F","T","C","C","CCT",97,176.6,"Campo 1",2,9
"32","F4G2HISTO","F5","F","T","C","C","CCT",97,176.6,"Campo 2",0,9
"33","F4G2HISTO","F5","F","T","C","C","CCT",97,176.6,"Campo 3",0,7
"34","F4G2HISTO","F5","F","T","C","C","CCT",97,176.6,"Campo 4",3,11
"35","F4G2HISTO","F5","F","T","C","C","CCT",97,176.6,"Campo 5",5,11
"36","F4G2HISTO","F5","F","T","C","C","CCT",97,176.6,"Campo 6",4,10
"37","F4G2HISTO","F5","F","T","C","C","CCT",97,176.6,"Campo 7",8,10
"38","F4G2HISTO","F5","F","T","C","C","CCT",97,176.6,"Campo 8",2,12
"39","F4G2HISTO","F5","F","T","C","C","CCT",97,176.6,"Campo 9",6,11
"40","F4G2HISTO","F5","F","T","C","C","CCT",97,176.6,"Campo 10",0,7
"41","F1G3HISTO","F6","F","C","T","C","CTC",58.3,149.7,"Campo 1",2,4
"42","F1G3HISTO","F6","F","C","T","C","CTC",58.3,149.7,"Campo 2",0,7
"43","F1G3HISTO","F6","F","C","T","C","CTC",58.3,149.7,"Campo 3",0,7
"44","F1G3HISTO","F6","F","C","T","C","CTC",58.3,149.7,"Campo 4",4,4
"45","F1G3HISTO","F6","F","C","T","C","CTC",58.3,149.7,"Campo 5",2,9
"46","F1G3HISTO","F6","F","C","T","C","CTC",58.3,149.7,"Campo 6",7,11
"47","F1G3HISTO","F6","F","C","T","C","CTC",58.3,149.7,"Campo 7",3,10
"48","F1G3HISTO","F6","F","C","T","C","CTC",58.3,149.7,"Campo 8",4,8
"49","F1G3HISTO","F6","F","C","T","C","CTC",58.3,149.7,"Campo 9",1,9
"50","F1G3HISTO","F6","F","C","T","C","CTC",58.3,149.7,"Campo 10",2,13
"51","F2G3HISTO","F7","F","C","T","C","CTC",55.3,146.4,"Campo 1",0,9
"52","F2G3HISTO","F7","F","C","T","C","CTC",55.3,146.4,"Campo 2",2,14
"53","F2G3HISTO","F7","F","C","T","C","CTC",55.3,146.4,"Campo 3",2,14
"54","F2G3HISTO","F7","F","C","T","C","CTC",55.3,146.4,"Campo 4",16,8
"55","F2G3HISTO","F7","F","C","T","C","CTC",55.3,146.4,"Campo 5",0,10
"56","F2G3HISTO","F7","F","C","T","C","CTC",55.3,146.4,"Campo 6",0,7
"57","F2G3HISTO","F7","F","C","T","C","CTC",55.3,146.4,"Campo 7",4,15
"58","F2G3HISTO","F7","F","C","T","C","CTC",55.3,146.4,"Campo 8",0,11
"59","F2G3HISTO","F7","F","C","T","C","CTC",55.3,146.4,"Campo 9",2,7
"60","F2G3HISTO","F7","F","C","T","C","CTC",55.3,146.4,"Campo 10",0,6
"61","F3G3HISTO","F8","F","C","T","C","CTC",66.8,157.9,"Campo 1",0,11
"62","F3G3HISTO","F8","F","C","T","C","CTC",66.8,157.9,"Campo 2",1,10
"63","F3G3HISTO","F8","F","C","T","C","CTC",66.8,157.9,"Campo 3",0,3
"64","F3G3HISTO","F8","F","C","T","C","CTC",66.8,157.9,"Campo 4",2,6
"65","F3G3HISTO","F8","F","C","T","C","CTC",66.8,157.9,"Campo 5",1,6
"66","F3G3HISTO","F8","F","C","T","C","CTC",66.8,157.9,"Campo 6",0,8
"67","F3G3HISTO","F8","F","C","T","C","CTC",66.8,157.9,"Campo 7",0,6
"68","F3G3HISTO","F8","F","C","T","C","CTC",66.8,157.9,"Campo 8",0,8
"69","F3G3HISTO","F8","F","C","T","C","CTC",66.8,157.9,"Campo 9",1,9
"70","F3G3HISTO","F8","F","C","T","C","CTC",66.8,157.9,"Campo 10",0,9
"71","F4G3HISTO","F9","F","C","T","C","CTC",50.5,139.1,"Campo 1",0,5
"72","F4G3HISTO","F9","F","C","T","C","CTC",50.5,139.1,"Campo 2",3,6
"73","F4G3HISTO","F9","F","C","T","C","CTC",50.5,139.1,"Campo 3",4,7
"74","F4G3HISTO","F9","F","C","T","C","CTC",50.5,139.1,"Campo 4",2,4
"75","F4G3HISTO","F9","F","C","T","C","CTC",50.5,139.1,"Campo 5",0,4
"76","F4G3HISTO","F9","F","C","T","C","CTC",50.5,139.1,"Campo 6",0,3
"77","F4G3HISTO","F9","F","C","T","C","CTC",50.5,139.1,"Campo 7",0,11
"78","F4G3HISTO","F9","F","C","T","C","CTC",50.5,139.1,"Campo 8",0,7
"79","F4G3HISTO","F9","F","C","T","C","CTC",50.5,139.1,"Campo 9",0,5
"80","F4G3HISTO","F9","F","C","T","C","CTC",50.5,139.1,"Campo 10",3,5
"81","F1G4HISTO","F10","F","T","T","C","CTT",91.8,170.7,"Campo 1",3,5
"82","F1G4HISTO","F10","F","T","T","C","CTT",91.8,170.7,"Campo 2",2,5
"83","F1G4HISTO","F10","F","T","T","C","CTT",91.8,170.7,"Campo 3",0,4
"84","F1G4HISTO","F10","F","T","T","C","CTT",91.8,170.7,"Campo 4",4,7
"85","F1G4HISTO","F10","F","T","T","C","CTT",91.8,170.7,"Campo 5",1,4
"86","F1G4HISTO","F10","F","T","T","C","CTT",91.8,170.7,"Campo 6",7,6
"87","F1G4HISTO","F10","F","T","T","C","CTT",91.8,170.7,"Campo 7",0,3
"88","F1G4HISTO","F10","F","T","T","C","CTT",91.8,170.7,"Campo 8",3,4
"89","F1G4HISTO","F10","F","T","T","C","CTT",91.8,170.7,"Campo 9",0,3
"90","F1G4HISTO","F10","F","T","T","C","CTT",91.8,170.7,"Campo 10",2,4
"91","F2G4HISTO","F11","F","T","T","C","CTT",41.1,134,"Campo 1",6,4
"92","F2G4HISTO","F11","F","T","T","C","CTT",41.1,134,"Campo 2",3,2
"93","F2G4HISTO","F11","F","T","T","C","CTT",41.1,134,"Campo 3",1,5
"94","F2G4HISTO","F11","F","T","T","C","CTT",41.1,134,"Campo 4",0,9
"95","F2G4HISTO","F11","F","T","T","C","CTT",41.1,134,"Campo 5",2,6
"96","F2G4HISTO","F11","F","T","T","C","CTT",41.1,134,"Campo 6",4,4
"97","F2G4HISTO","F11","F","T","T","C","CTT",41.1,134,"Campo 7",2,5
"98","F2G4HISTO","F11","F","T","T","C","CTT",41.1,134,"Campo 8",6,3
"99","F2G4HISTO","F11","F","T","T","C","CTT",41.1,134,"Campo 9",2,6
"100","F2G4HISTO","F11","F","T","T","C","CTT",41.1,134,"Campo 10",2,8
"101","F3G4HISTO","F12","F","T","T","C","CTT",67.2,158.4,"Campo 1",3,3
"102","F3G4HISTO","F12","F","T","T","C","CTT",67.2,158.4,"Campo 2",4,4
"103","F3G4HISTO","F12","F","T","T","C","CTT",67.2,158.4,"Campo 3",1,4
"104","F3G4HISTO","F12","F","T","T","C","CTT",67.2,158.4,"Campo 4",2,5
"105","F3G4HISTO","F12","F","T","T","C","CTT",67.2,158.4,"Campo 5",2,3
"106","F3G4HISTO","F12","F","T","T","C","CTT",67.2,158.4,"Campo 6",0,7
"107","F3G4HISTO","F12","F","T","T","C","CTT",67.2,158.4,"Campo 7",0,3
"108","F3G4HISTO","F12","F","T","T","C","CTT",67.2,158.4,"Campo 8",0,6
"109","F3G4HISTO","F12","F","T","T","C","CTT",67.2,158.4,"Campo 9",6,5
"110","F3G4HISTO","F12","F","T","T","C","CTT",67.2,158.4,"Campo 10",4,7
"111","F1G5HISTO","F14","F","C","C","T","TCC",61.5,145.6,"Campo 1",4,9
"112","F1G5HISTO","F14","F","C","C","T","TCC",61.5,145.6,"Campo 2",0,7
"113","F1G5HISTO","F14","F","C","C","T","TCC",61.5,145.6,"Campo 3",0,7
"114","F1G5HISTO","F14","F","C","C","T","TCC",61.5,145.6,"Campo 4",0,8
"115","F1G5HISTO","F14","F","C","C","T","TCC",61.5,145.6,"Campo 5",0,5
"116","F1G5HISTO","F14","F","C","C","T","TCC",61.5,145.6,"Campo 6",0,4
"117","F1G5HISTO","F14","F","C","C","T","TCC",61.5,145.6,"Campo 7",0,5
"118","F1G5HISTO","F14","F","C","C","T","TCC",61.5,145.6,"Campo 8",2,5
"119","F1G5HISTO","F14","F","C","C","T","TCC",61.5,145.6,"Campo 9",0,10
"120","F1G5HISTO","F14","F","C","C","T","TCC",61.5,145.6,"Campo 10",0,6
"121","F2G5HISTO","F15","F","C","C","T","TCC",56.4,144,"Campo 1",0,6
"122","F2G5HISTO","F15","F","C","C","T","TCC",56.4,144,"Campo 2",2,3
"123","F2G5HISTO","F15","F","C","C","T","TCC",56.4,144,"Campo 3",1,4
"124","F2G5HISTO","F15","F","C","C","T","TCC",56.4,144,"Campo 4",0,7
"125","F2G5HISTO","F15","F","C","C","T","TCC",56.4,144,"Campo 5",0,5
"126","F2G5HISTO","F15","F","C","C","T","TCC",56.4,144,"Campo 6",0,6
"127","F2G5HISTO","F15","F","C","C","T","TCC",56.4,144,"Campo 7",0,6
"128","F2G5HISTO","F15","F","C","C","T","TCC",56.4,144,"Campo 8",0,5
"129","F2G5HISTO","F15","F","C","C","T","TCC",56.4,144,"Campo 9",0,6
"130","F2G5HISTO","F15","F","C","C","T","TCC",56.4,144,"Campo 10",1,8
"131","F1G6HISTO","F16","F","T","C","T","TCT",47.7,141.6,"Campo 1",5,2
"132","F1G6HISTO","F16","F","T","C","T","TCT",47.7,141.6,"Campo 2",0,5
"133","F1G6HISTO","F16","F","T","C","T","TCT",47.7,141.6,"Campo 3",2,6
"134","F1G6HISTO","F16","F","T","C","T","TCT",47.7,141.6,"Campo 4",2,3
"135","F1G6HISTO","F16","F","T","C","T","TCT",47.7,141.6,"Campo 5",0,5
"136","F1G6HISTO","F16","F","T","C","T","TCT",47.7,141.6,"Campo 6",1,4
"137","F1G6HISTO","F16","F","T","C","T","TCT",47.7,141.6,"Campo 7",1,4
"138","F1G6HISTO","F16","F","T","C","T","TCT",47.7,141.6,"Campo 8",1,6
"139","F1G6HISTO","F16","F","T","C","T","TCT",47.7,141.6,"Campo 9",0,5
"140","F1G6HISTO","F16","F","T","C","T","TCT",47.7,141.6,"Campo 10",7,3
"141","F2G6HISTO","F17","F","T","C","T","TCT",64,147.5,"Campo 1",2,4
"142","F2G6HISTO","F17","F","T","C","T","TCT",64,147.5,"Campo 2",2,3
"143","F2G6HISTO","F17","F","T","C","T","TCT",64,147.5,"Campo 3",2,4
"144","F2G6HISTO","F17","F","T","C","T","TCT",64,147.5,"Campo 4",0,7
"145","F2G6HISTO","F17","F","T","C","T","TCT",64,147.5,"Campo 5",1,8
"146","F2G6HISTO","F17","F","T","C","T","TCT",64,147.5,"Campo 6",1,4
"147","F2G6HISTO","F17","F","T","C","T","TCT",64,147.5,"Campo 7",0,3
"148","F2G6HISTO","F17","F","T","C","T","TCT",64,147.5,"Campo 8",1,6
"149","F2G6HISTO","F17","F","T","C","T","TCT",64,147.5,"Campo 9",0,4
"150","F2G6HISTO","F17","F","T","C","T","TCT",64,147.5,"Campo 10",2,5
"151","F3G6HISTO","F18","F","T","C","T","TCT",85.3,171.6,"Campo 1",0,7
"152","F3G6HISTO","F18","F","T","C","T","TCT",85.3,171.6,"Campo 2",0,9
"153","F3G6HISTO","F18","F","T","C","T","TCT",85.3,171.6,"Campo 3",2,6
"154","F3G6HISTO","F18","F","T","C","T","TCT",85.3,171.6,"Campo 4",0,5
"155","F3G6HISTO","F18","F","T","C","T","TCT",85.3,171.6,"Campo 5",2,5
"156","F3G6HISTO","F18","F","T","C","T","TCT",85.3,171.6,"Campo 6",0,10
"157","F3G6HISTO","F18","F","T","C","T","TCT",85.3,171.6,"Campo 7",6,1
"158","F3G6HISTO","F18","F","T","C","T","TCT",85.3,171.6,"Campo 8",5,7
"159","F3G6HISTO","F18","F","T","C","T","TCT",85.3,171.6,"Campo 9",2,6
"160","F3G6HISTO","F18","F","T","C","T","TCT",85.3,171.6,"Campo 10",6,7
"161","F4G6HISTO","F19","F","T","C","T","TCT",76.2,165.9,"Campo 1",1,6
"162","F4G6HISTO","F19","F","T","C","T","TCT",76.2,165.9,"Campo 2",3,6
"163","F4G6HISTO","F19","F","T","C","T","TCT",76.2,165.9,"Campo 3",0,4
"164","F4G6HISTO","F19","F","T","C","T","TCT",76.2,165.9,"Campo 4",1,6
"165","F4G6HISTO","F19","F","T","C","T","TCT",76.2,165.9,"Campo 5",2,6
"166","F4G6HISTO","F19","F","T","C","T","TCT",76.2,165.9,"Campo 6",1,5
"167","F4G6HISTO","F19","F","T","C","T","TCT",76.2,165.9,"Campo 7",1,6
"168","F4G6HISTO","F19","F","T","C","T","TCT",76.2,165.9,"Campo 8",2,5
"169","F4G6HISTO","F19","F","T","C","T","TCT",76.2,165.9,"Campo 9",0,6
"170","F4G6HISTO","F19","F","T","C","T","TCT",76.2,165.9,"Campo 10",2,5
"171","F1G7HISTO","F20","F","C","T","T","TTC",92.3,170,"Campo 1",0,8
"172","F1G7HISTO","F20","F","C","T","T","TTC",92.3,170,"Campo 2",0,2
"173","F1G7HISTO","F20","F","C","T","T","TTC",92.3,170,"Campo 3",0,4
"174","F1G7HISTO","F20","F","C","T","T","TTC",92.3,170,"Campo 4",1,7
"175","F1G7HISTO","F20","F","C","T","T","TTC",92.3,170,"Campo 5",1,5
"176","F1G7HISTO","F20","F","C","T","T","TTC",92.3,170,"Campo 6",3,4
"177","F1G7HISTO","F20","F","C","T","T","TTC",92.3,170,"Campo 7",0,5
"178","F1G7HISTO","F20","F","C","T","T","TTC",92.3,170,"Campo 8",1,6
"179","F1G7HISTO","F20","F","C","T","T","TTC",92.3,170,"Campo 9",2,4
"180","F1G7HISTO","F20","F","C","T","T","TTC",92.3,170,"Campo 10",2,3
"181","F2G7HISTO","F21","F","C","T","T","TTC",66.8,155.8,"Campo 1",0,4
"182","F2G7HISTO","F21","F","C","T","T","TTC",66.8,155.8,"Campo 2",3,6
"183","F2G7HISTO","F21","F","C","T","T","TTC",66.8,155.8,"Campo 3",5,5
"184","F2G7HISTO","F21","F","C","T","T","TTC",66.8,155.8,"Campo 4",4,5
"185","F2G7HISTO","F21","F","C","T","T","TTC",66.8,155.8,"Campo 5",3,2
"186","F2G7HISTO","F21","F","C","T","T","TTC",66.8,155.8,"Campo 6",2,5
"187","F2G7HISTO","F21","F","C","T","T","TTC",66.8,155.8,"Campo 7",2,5
"188","F2G7HISTO","F21","F","C","T","T","TTC",66.8,155.8,"Campo 8",0,9
"189","F2G7HISTO","F21","F","C","T","T","TTC",66.8,155.8,"Campo 9",1,8
"190","F2G7HISTO","F21","F","C","T","T","TTC",66.8,155.8,"Campo 10",1,5
"191","F3G7HISTO","F22","F","C","T","T","TTC",75.4,160.2,"Campo 1",0,5
"192","F3G7HISTO","F22","F","C","T","T","TTC",75.4,160.2,"Campo 2",0,7
"193","F3G7HISTO","F22","F","C","T","T","TTC",75.4,160.2,"Campo 3",3,6
"194","F3G7HISTO","F22","F","C","T","T","TTC",75.4,160.2,"Campo 4",4,7
"195","F3G7HISTO","F22","F","C","T","T","TTC",75.4,160.2,"Campo 5",10,6
"196","F3G7HISTO","F22","F","C","T","T","TTC",75.4,160.2,"Campo 6",1,7
"197","F3G7HISTO","F22","F","C","T","T","TTC",75.4,160.2,"Campo 7",0,6
"198","F3G7HISTO","F22","F","C","T","T","TTC",75.4,160.2,"Campo 8",0,3
"199","F3G7HISTO","F22","F","C","T","T","TTC",75.4,160.2,"Campo 9",0,5
"200","F3G7HISTO","F22","F","C","T","T","TTC",75.4,160.2,"Campo 10",1,5
"201","F4G7HISTO","F23","F","C","T","T","TTC",102.1,174.4,"Campo 1",1,8
"202","F4G7HISTO","F23","F","C","T","T","TTC",102.1,174.4,"Campo 2",1,6
"203","F4G7HISTO","F23","F","C","T","T","TTC",102.1,174.4,"Campo 3",0,5
"204","F4G7HISTO","F23","F","C","T","T","TTC",102.1,174.4,"Campo 4",0,7
"205","F4G7HISTO","F23","F","C","T","T","TTC",102.1,174.4,"Campo 5",1,5
"206","F4G7HISTO","F23","F","C","T","T","TTC",102.1,174.4,"Campo 6",0,7
"207","F4G7HISTO","F23","F","C","T","T","TTC",102.1,174.4,"Campo 7",2,5
"208","F4G7HISTO","F23","F","C","T","T","TTC",102.1,174.4,"Campo 8",4,5
"209","F4G7HISTO","F23","F","C","T","T","TTC",102.1,174.4,"Campo 9",0,4
"210","F4G7HISTO","F23","F","C","T","T","TTC",102.1,174.4,"Campo 10",2,4
"211","F1G8HISTO","F24","F","T","T","T","TTT",68.1,158.8,"Campo 1",2,5
"212","F1G8HISTO","F24","F","T","T","T","TTT",68.1,158.8,"Campo 2",4,5
"213","F1G8HISTO","F24","F","T","T","T","TTT",68.1,158.8,"Campo 3",2,5
"214","F1G8HISTO","F24","F","T","T","T","TTT",68.1,158.8,"Campo 4",2,6
"215","F1G8HISTO","F24","F","T","T","T","TTT",68.1,158.8,"Campo 5",1,6
"216","F1G8HISTO","F24","F","T","T","T","TTT",68.1,158.8,"Campo 6",0,6
"217","F1G8HISTO","F24","F","T","T","T","TTT",68.1,158.8,"Campo 7",0,4
"218","F1G8HISTO","F24","F","T","T","T","TTT",68.1,158.8,"Campo 8",4,3
"219","F1G8HISTO","F24","F","T","T","T","TTT",68.1,158.8,"Campo 9",0,3
"220","F1G8HISTO","F24","F","T","T","T","TTT",68.1,158.8,"Campo 10",0,5
"221","F2G8HISTO","F25","F","T","T","T","TTT",104,178.4,"Campo 1",0,6
"222","F2G8HISTO","F25","F","T","T","T","TTT",104,178.4,"Campo 2",2,7
"223","F2G8HISTO","F25","F","T","T","T","TTT",104,178.4,"Campo 3",0,6
"224","F2G8HISTO","F25","F","T","T","T","TTT",104,178.4,"Campo 4",4,5
"225","F2G8HISTO","F25","F","T","T","T","TTT",104,178.4,"Campo 5",0,6
"226","F2G8HISTO","F25","F","T","T","T","TTT",104,178.4,"Campo 6",1,5
"227","F2G8HISTO","F25","F","T","T","T","TTT",104,178.4,"Campo 7",1,6
"228","F2G8HISTO","F25","F","T","T","T","TTT",104,178.4,"Campo 8",2,9
"229","F2G8HISTO","F25","F","T","T","T","TTT",104,178.4,"Campo 9",0,6
"230","F2G8HISTO","F25","F","T","T","T","TTT",104,178.4,"Campo 10",2,5
"231","F3G8HISTO","F26","F","T","T","T","TTT",75.6,163.9,"Campo 1",0,3
"232","F3G8HISTO","F26","F","T","T","T","TTT",75.6,163.9,"Campo 2",1,3
"233","F3G8HISTO","F26","F","T","T","T","TTT",75.6,163.9,"Campo 3",2,4
"234","F3G8HISTO","F26","F","T","T","T","TTT",75.6,163.9,"Campo 4",2,7
"235","F3G8HISTO","F26","F","T","T","T","TTT",75.6,163.9,"Campo 5",0,6
"236","F3G8HISTO","F26","F","T","T","T","TTT",75.6,163.9,"Campo 6",1,5
"237","F3G8HISTO","F26","F","T","T","T","TTT",75.6,163.9,"Campo 7",2,7
"238","F3G8HISTO","F26","F","T","T","T","TTT",75.6,163.9,"Campo 8",2,9
"239","F3G8HISTO","F26","F","T","T","T","TTT",75.6,163.9,"Campo 9",3,5
"240","F3G8HISTO","F26","F","T","T","T","TTT",75.6,163.9,"Campo 10",1,5
"241","F4G8HISTO","F27","F","T","T","T","TTT",81.2,166.9,"Campo 1",0,4
"242","F4G8HISTO","F27","F","T","T","T","TTT",81.2,166.9,"Campo 2",0,3
"243","F4G8HISTO","F27","F","T","T","T","TTT",81.2,166.9,"Campo 3",0,5
"244","F4G8HISTO","F27","F","T","T","T","TTT",81.2,166.9,"Campo 4",0,4
"245","F4G8HISTO","F27","F","T","T","T","TTT",81.2,166.9,"Campo 5",0,3
"246","F4G8HISTO","F27","F","T","T","T","TTT",81.2,166.9,"Campo 6",2,4
"247","F4G8HISTO","F27","F","T","T","T","TTT",81.2,166.9,"Campo 7",0,5
"248","F4G8HISTO","F27","F","T","T","T","TTT",81.2,166.9,"Campo 8",0,6
"249","F4G8HISTO","F27","F","T","T","T","TTT",81.2,166.9,"Campo 9",0,1
"250","F4G8HISTO","F27","F","T","T","T","TTT",81.2,166.9,"Campo 10",0,2
